INSERT INTO Employee (empNo,fName,lName,address,DOB,sex,position) VALUES (1,'Joy','Berger','851 Lisa Lights
Snowbury, DE 35652',TO_DATE('1976-10-06', 'YYYY-MM-DD'),'F','1_position');
INSERT INTO Employee (empNo,fName,lName,address,DOB,sex,position) VALUES (2,'Elizabeth','Hernandez','4814 Christine Curve Apt. 800
East Brandonburgh, NH 64732',TO_DATE('1984-10-20', 'YYYY-MM-DD'),'F','2_position');
INSERT INTO Employee (empNo,fName,lName,address,DOB,sex,position) VALUES (3,'Jessica','Henderson','1684 Hughes Trace Apt. 168
South Tiffany, NJ 60895',TO_DATE('1991-10-08', 'YYYY-MM-DD'),'F','3_position');
INSERT INTO Employee (empNo,fName,lName,address,DOB,sex,position) VALUES (4,'Kathy','Hayes','3851 Bridget Ways
Stevenfurt, MA 62327',TO_DATE('2014-05-09', 'YYYY-MM-DD'),'F','4_position');
INSERT INTO Employee (empNo,fName,lName,address,DOB,sex,position) VALUES (5,'Joshua','Ware','03711 Rollins Lake Suite 140
West Paulastad, OR 37011',TO_DATE('1987-12-11', 'YYYY-MM-DD'),'M','5_position');
INSERT INTO Employee (empNo,fName,lName,address,DOB,sex,position) VALUES (6,'Jill','Owens','312 Murphy Loaf
Elizabethport, TN 94423',TO_DATE('2012-02-01', 'YYYY-MM-DD'),'F','6_position');
INSERT INTO Employee (empNo,fName,lName,address,DOB,sex,position) VALUES (7,'Jason','Gutierrez','264 Daniel Highway
Smithfort, NM 29600',TO_DATE('1991-07-29', 'YYYY-MM-DD'),'M','7_position');
INSERT INTO Employee (empNo,fName,lName,address,DOB,sex,position) VALUES (8,'Alfred','Page','40152 Knox Manors Suite 051
West Paula, NJ 88819',TO_DATE('1999-11-22', 'YYYY-MM-DD'),'M','8_position');
INSERT INTO Employee (empNo,fName,lName,address,DOB,sex,position) VALUES (9,'Daniel','Martin','31551 Tyler Lakes Apt. 977
South Rogerfort, NM 21817',TO_DATE('1987-07-02', 'YYYY-MM-DD'),'M','9_position');
INSERT INTO Employee (empNo,fName,lName,address,DOB,sex,position) VALUES (10,'Pamela','Saunders','332 Ariel Shores Apt. 546
Codymouth, LA 20565',TO_DATE('2002-07-21', 'YYYY-MM-DD'),'F','10_position');
INSERT INTO Employee (empNo,fName,lName,address,DOB,sex,position) VALUES (11,'Victoria','Hamilton','8879 Melissa Orchard Apt. 003
Michelehaven, SD 40186',TO_DATE('1994-12-15', 'YYYY-MM-DD'),'F','11_position');
INSERT INTO Employee (empNo,fName,lName,address,DOB,sex,position) VALUES (12,'Michael','Bauer','0965 Reeves Views Apt. 994
South Aaronchester, MN 74317',TO_DATE('2002-07-28', 'YYYY-MM-DD'),'M','12_position');
INSERT INTO Employee (empNo,fName,lName,address,DOB,sex,position) VALUES (13,'Sean','Lambert','65334 Michelle Underpass Apt. 557
Vanessaborough, FL 35434',TO_DATE('1979-08-08', 'YYYY-MM-DD'),'M','13_position');
INSERT INTO Employee (empNo,fName,lName,address,DOB,sex,position) VALUES (14,'Kyle','Woodard','0881 Smith Corners
Lake Georgebury, TN 11923',TO_DATE('1972-09-15', 'YYYY-MM-DD'),'M','14_position');
INSERT INTO Employee (empNo,fName,lName,address,DOB,sex,position) VALUES (15,'Pamela','Newton','80843 Shelby Stream Suite 988
Daughertystad, HI 06896',TO_DATE('2020-11-03', 'YYYY-MM-DD'),'F','15_position');
INSERT INTO Employee (empNo,fName,lName,address,DOB,sex,position) VALUES (16,'John','Freeman','USNV Vincent
FPO AA 50883',TO_DATE('1976-08-29', 'YYYY-MM-DD'),'M','16_position');
INSERT INTO Employee (empNo,fName,lName,address,DOB,sex,position) VALUES (17,'Claudia','Gross','139 Corey Hill Apt. 717
Timothybury, AR 45941',TO_DATE('1995-07-20', 'YYYY-MM-DD'),'F','17_position');
INSERT INTO Employee (empNo,fName,lName,address,DOB,sex,position) VALUES (18,'Willie','Morrison','471 Pearson Terrace
Elizabethton, HI 32311',TO_DATE('2019-08-10', 'YYYY-MM-DD'),'M','18_position');
INSERT INTO Employee (empNo,fName,lName,address,DOB,sex,position) VALUES (19,'Michael','Reynolds','35387 John Throughway
Griffinville, NH 48913',TO_DATE('1985-07-10', 'YYYY-MM-DD'),'M','19_position');
INSERT INTO Employee (empNo,fName,lName,address,DOB,sex,position) VALUES (20,'Amanda','Stark','Unit 9621 Box 9196
DPO AE 19597',TO_DATE('1974-03-09', 'YYYY-MM-DD'),'F','20_position');
INSERT INTO Employee (empNo,fName,lName,address,DOB,sex,position) VALUES (21,'Hayley','Nguyen','2433 Daniel Path Apt. 678
New Christinaport, VA 63059',TO_DATE('1989-06-20', 'YYYY-MM-DD'),'F','21_position');
INSERT INTO Employee (empNo,fName,lName,address,DOB,sex,position) VALUES (22,'Tracey','Moore','PSC 3581, Box 4369
APO AE 24011',TO_DATE('1996-02-28', 'YYYY-MM-DD'),'F','22_position');
INSERT INTO Employee (empNo,fName,lName,address,DOB,sex,position) VALUES (23,'Natasha','Friedman','2478 Steven Drives Apt. 005
West Dawnshire, NH 23449',TO_DATE('1992-01-21', 'YYYY-MM-DD'),'F','23_position');
INSERT INTO Employee (empNo,fName,lName,address,DOB,sex,position) VALUES (24,'Kenneth','Hill','61439 Joel Corners
Davischester, OK 29169',TO_DATE('1975-03-17', 'YYYY-MM-DD'),'M','24_position');
INSERT INTO Employee (empNo,fName,lName,address,DOB,sex,position) VALUES (25,'Melissa','Robles','PSC 6673, Box 5314
APO AA 50446',TO_DATE('1988-07-09', 'YYYY-MM-DD'),'F','25_position');
INSERT INTO Employee (empNo,fName,lName,address,DOB,sex,position) VALUES (26,'Thomas','Wood','8730 Joshua Ville
New Morgan, AZ 31789',TO_DATE('1985-01-07', 'YYYY-MM-DD'),'M','26_position');
INSERT INTO Employee (empNo,fName,lName,address,DOB,sex,position) VALUES (27,'Troy','Martinez','672 Campbell Ford
Franklinmouth, WY 01397',TO_DATE('1970-09-05', 'YYYY-MM-DD'),'M','27_position');
INSERT INTO Employee (empNo,fName,lName,address,DOB,sex,position) VALUES (28,'Andrew','Cline','865 Ana Pine
Josephville, IL 59528',TO_DATE('1987-04-07', 'YYYY-MM-DD'),'M','28_position');
INSERT INTO Employee (empNo,fName,lName,address,DOB,sex,position) VALUES (29,'William','Buck','36593 Tony Ways Suite 575
Garciaview, MO 73460',TO_DATE('1982-10-04', 'YYYY-MM-DD'),'M','29_position');
INSERT INTO Employee (empNo,fName,lName,address,DOB,sex,position) VALUES (30,'Shaun','Gray','PSC 0826, Box 3130
APO AP 31054',TO_DATE('1972-08-08', 'YYYY-MM-DD'),'M','30_position');
INSERT INTO Employee (empNo,fName,lName,address,DOB,sex,position) VALUES (31,'Matthew','Campbell','96166 Chambers Harbor
Davidsonbury, AZ 43508',TO_DATE('2011-08-18', 'YYYY-MM-DD'),'M','31_position');
INSERT INTO Employee (empNo,fName,lName,address,DOB,sex,position) VALUES (32,'Jerry','Andrews','871 Chung Underpass
South Monique, WV 19451',TO_DATE('2018-07-10', 'YYYY-MM-DD'),'M','32_position');
INSERT INTO Employee (empNo,fName,lName,address,DOB,sex,position) VALUES (33,'Aaron','Stewart','19458 Mcdonald Pines
Brianshire, MO 48262',TO_DATE('1983-01-20', 'YYYY-MM-DD'),'M','33_position');
INSERT INTO Employee (empNo,fName,lName,address,DOB,sex,position) VALUES (34,'David','Moody','7505 Chris Lights
Port Mikayla, TX 54056',TO_DATE('1978-05-20', 'YYYY-MM-DD'),'M','34_position');
INSERT INTO Employee (empNo,fName,lName,address,DOB,sex,position) VALUES (35,'Amber','Smith','6405 Davis Estates Suite 181
Lanceshire, CT 01730',TO_DATE('2007-11-29', 'YYYY-MM-DD'),'F','35_position');
INSERT INTO Employee (empNo,fName,lName,address,DOB,sex,position) VALUES (36,'George','Carter','799 Monroe Port Suite 368
North Johnfort, NC 41101',TO_DATE('1983-09-09', 'YYYY-MM-DD'),'M','36_position');
INSERT INTO Employee (empNo,fName,lName,address,DOB,sex,position) VALUES (37,'Toni','Waller','8353 Gregory Unions Apt. 566
New Reginald, OH 88343',TO_DATE('1985-03-17', 'YYYY-MM-DD'),'F','37_position');
INSERT INTO Employee (empNo,fName,lName,address,DOB,sex,position) VALUES (38,'Traci','Porter','2335 Brock Road
West Matthewstad, TX 22691',TO_DATE('1979-10-22', 'YYYY-MM-DD'),'F','38_position');
INSERT INTO Employee (empNo,fName,lName,address,DOB,sex,position) VALUES (39,'Cynthia','Sawyer','208 Dixon Orchard Apt. 314
Ashleymouth, MD 13451',TO_DATE('1977-06-30', 'YYYY-MM-DD'),'F','39_position');
INSERT INTO Employee (empNo,fName,lName,address,DOB,sex,position) VALUES (40,'Cristian','Mccoy','7870 Eric Cliffs Suite 493
East Erika, IN 68145',TO_DATE('2015-12-12', 'YYYY-MM-DD'),'M','40_position');


INSERT INTO Department (deptNo, deptName, mgrEmpNo) VALUES (1,'department_1',1);
INSERT INTO Department (deptNo, deptName, mgrEmpNo) VALUES (2,'department_2',2);
INSERT INTO Department (deptNo, deptName, mgrEmpNo) VALUES (3,'department_3',3);
INSERT INTO Department (deptNo, deptName, mgrEmpNo) VALUES (4,'department_4',4);
INSERT INTO Department (deptNo, deptName, mgrEmpNo) VALUES (5,'department_5',5);
INSERT INTO Department (deptNo, deptName, mgrEmpNo) VALUES (6,'department_6',6);
INSERT INTO Department (deptNo, deptName, mgrEmpNo) VALUES (7,'department_7',7);
INSERT INTO Department (deptNo, deptName, mgrEmpNo) VALUES (8,'department_8',8);
INSERT INTO Department (deptNo, deptName, mgrEmpNo) VALUES (9,'department_9',9);
INSERT INTO Department (deptNo, deptName, mgrEmpNo) VALUES (10,'department_10',10);
INSERT INTO Department (deptNo, deptName, mgrEmpNo) VALUES (11,'department_11',11);
INSERT INTO Department (deptNo, deptName, mgrEmpNo) VALUES (12,'department_12',12);
INSERT INTO Department (deptNo, deptName, mgrEmpNo) VALUES (13,'department_13',13);
INSERT INTO Department (deptNo, deptName, mgrEmpNo) VALUES (14,'department_14',14);
INSERT INTO Department (deptNo, deptName, mgrEmpNo) VALUES (15,'department_15',15);
INSERT INTO Department (deptNo, deptName, mgrEmpNo) VALUES (16,'department_16',16);
INSERT INTO Department (deptNo, deptName, mgrEmpNo) VALUES (17,'department_17',17);
INSERT INTO Department (deptNo, deptName, mgrEmpNo) VALUES (18,'department_18',18);
INSERT INTO Department (deptNo, deptName, mgrEmpNo) VALUES (19,'department_19',19);
INSERT INTO Department (deptNo, deptName, mgrEmpNo) VALUES (20,'department_20',20);


UPDATE Employee SET deptNo = 3 WHERE empNo = 3;
UPDATE Employee SET deptNo = 14 WHERE empNo = 14;
UPDATE Employee SET deptNo = 9 WHERE empNo = 24;
UPDATE Employee SET deptNo = 7 WHERE empNo = 32;
UPDATE Employee SET deptNo = 1 WHERE empNo = 1;
UPDATE Employee SET deptNo = 2 WHERE empNo = 2;
UPDATE Employee SET deptNo = 16 WHERE empNo = 16;
UPDATE Employee SET deptNo = 5 WHERE empNo = 5;
UPDATE Employee SET deptNo = 11 WHERE empNo = 26;
UPDATE Employee SET deptNo = 18 WHERE empNo = 36;
UPDATE Employee SET deptNo = 9 WHERE empNo = 40;
UPDATE Employee SET deptNo = 20 WHERE empNo = 20;
UPDATE Employee SET deptNo = 16 WHERE empNo = 39;
UPDATE Employee SET deptNo = 8 WHERE empNo = 8;
UPDATE Employee SET deptNo = 9 WHERE empNo = 23;
UPDATE Employee SET deptNo = 15 WHERE empNo = 28;
UPDATE Employee SET deptNo = 13 WHERE empNo = 13;
UPDATE Employee SET deptNo = 10 WHERE empNo = 10;
UPDATE Employee SET deptNo = 15 WHERE empNo = 15;
UPDATE Employee SET deptNo = 9 WHERE empNo = 9;
UPDATE Employee SET deptNo = 20 WHERE empNo = 22;
UPDATE Employee SET deptNo = 19 WHERE empNo = 19;
UPDATE Employee SET deptNo = 5 WHERE empNo = 35;
UPDATE Employee SET deptNo = 17 WHERE empNo = 17;
UPDATE Employee SET deptNo = 4 WHERE empNo = 4;
UPDATE Employee SET deptNo = 12 WHERE empNo = 12;
UPDATE Employee SET deptNo = 18 WHERE empNo = 18;
UPDATE Employee SET deptNo = 7 WHERE empNo = 7;
UPDATE Employee SET deptNo = 11 WHERE empNo = 11;
UPDATE Employee SET deptNo = 6 WHERE empNo = 6;
UPDATE Employee SET deptNo = 10 WHERE empNo = 34;
UPDATE Employee SET deptNo = 9 WHERE empNo = 37;
UPDATE Employee SET deptNo = 7 WHERE empNo = 27;
UPDATE Employee SET deptNo = 17 WHERE empNo = 29;
UPDATE Employee SET deptNo = 3 WHERE empNo = 38;
UPDATE Employee SET deptNo = 9 WHERE empNo = 33;
UPDATE Employee SET deptNo = 14 WHERE empNo = 21;
UPDATE Employee SET deptNo = 9 WHERE empNo = 30;
UPDATE Employee SET deptNo = 3 WHERE empNo = 31;
UPDATE Employee SET deptNo = 12 WHERE empNo = 25;


INSERT INTO Project (projNo, projName, deptNo) VALUES (1, 'transition ubiquitous info-mediaries', 1);
INSERT INTO Project (projNo, projName, deptNo) VALUES (2, 'strategize magnetic deliverables', 2);
INSERT INTO Project (projNo, projName, deptNo) VALUES (3, 'generate open-source eyeballs', 3);
INSERT INTO Project (projNo, projName, deptNo) VALUES (4, 'monetize transparent metrics', 4);
INSERT INTO Project (projNo, projName, deptNo) VALUES (5, 'mesh synergistic e-markets', 5);
INSERT INTO Project (projNo, projName, deptNo) VALUES (6, 'harness intuitive web-readiness', 6);
INSERT INTO Project (projNo, projName, deptNo) VALUES (7, 'monetize best-of-breed relationships', 7);
INSERT INTO Project (projNo, projName, deptNo) VALUES (8, 'redefine back-end vortals', 8);
INSERT INTO Project (projNo, projName, deptNo) VALUES (9, 'expedite strategic mindshare', 9);
INSERT INTO Project (projNo, projName, deptNo) VALUES (10, 'monetize out-of-the-box mindshare', 10);
INSERT INTO Project (projNo, projName, deptNo) VALUES (11, 'brand innovative e-business', 11);
INSERT INTO Project (projNo, projName, deptNo) VALUES (12, 'monetize integrated users', 12);
INSERT INTO Project (projNo, projName, deptNo) VALUES (13, 'engineer web-enabled content', 13);
INSERT INTO Project (projNo, projName, deptNo) VALUES (14, 'orchestrate interactive niches', 14);
INSERT INTO Project (projNo, projName, deptNo) VALUES (15, 'target integrated e-services', 15);
INSERT INTO Project (projNo, projName, deptNo) VALUES (16, 'transition B2B markets', 16);
INSERT INTO Project (projNo, projName, deptNo) VALUES (17, 'utilize bricks-and-clicks e-business', 17);
INSERT INTO Project (projNo, projName, deptNo) VALUES (18, 'facilitate granular niches', 18);
INSERT INTO Project (projNo, projName, deptNo) VALUES (19, 'unleash compelling portals', 19);
INSERT INTO Project (projNo, projName, deptNo) VALUES (20, 'iterate ubiquitous solutions', 20);


INSERT INTO WorksOn(empNo, projNo, dateworked, hoursWorked) VALUES (2,9,TO_DATE('2007-11-12','YYYY-MM-DD'),6);
INSERT INTO WorksOn(empNo, projNo, dateworked, hoursWorked) VALUES (2,1,TO_DATE('1992-09-26','YYYY-MM-DD'),2);
INSERT INTO WorksOn(empNo, projNo, dateworked, hoursWorked) VALUES (2,7,TO_DATE('2018-05-11','YYYY-MM-DD'),1);
INSERT INTO WorksOn(empNo, projNo, dateworked, hoursWorked) VALUES (4,7,TO_DATE('2009-11-02','YYYY-MM-DD'),6);
INSERT INTO WorksOn(empNo, projNo, dateworked, hoursWorked) VALUES (4,9,TO_DATE('2013-08-21','YYYY-MM-DD'),10);
INSERT INTO WorksOn(empNo, projNo, dateworked, hoursWorked) VALUES (5,7,TO_DATE('2007-11-20','YYYY-MM-DD'),8);
INSERT INTO WorksOn(empNo, projNo, dateworked, hoursWorked) VALUES (5,14,TO_DATE('2000-08-10','YYYY-MM-DD'),10);
INSERT INTO WorksOn(empNo, projNo, dateworked, hoursWorked) VALUES (7,18,TO_DATE('1995-12-16','YYYY-MM-DD'),4);
INSERT INTO WorksOn(empNo, projNo, dateworked, hoursWorked) VALUES (7,17,TO_DATE('1993-12-01','YYYY-MM-DD'),3);
INSERT INTO WorksOn(empNo, projNo, dateworked, hoursWorked) VALUES (7,14,TO_DATE('1993-10-26','YYYY-MM-DD'),6);
INSERT INTO WorksOn(empNo, projNo, dateworked, hoursWorked) VALUES (8,4,TO_DATE('2008-07-17','YYYY-MM-DD'),5);
INSERT INTO WorksOn(empNo, projNo, dateworked, hoursWorked) VALUES (8,8,TO_DATE('2008-06-29','YYYY-MM-DD'),7);
INSERT INTO WorksOn(empNo, projNo, dateworked, hoursWorked) VALUES (8,9,TO_DATE('2018-06-25','YYYY-MM-DD'),7);
INSERT INTO WorksOn(empNo, projNo, dateworked, hoursWorked) VALUES (10,16,TO_DATE('2000-05-29','YYYY-MM-DD'),9);
INSERT INTO WorksOn(empNo, projNo, dateworked, hoursWorked) VALUES (10,19,TO_DATE('2012-10-03','YYYY-MM-DD'),7);
INSERT INTO WorksOn(empNo, projNo, dateworked, hoursWorked) VALUES (10,1,TO_DATE('1994-07-09','YYYY-MM-DD'),2);
INSERT INTO WorksOn(empNo, projNo, dateworked, hoursWorked) VALUES (10,17,TO_DATE('2013-12-01','YYYY-MM-DD'),3);
INSERT INTO WorksOn(empNo, projNo, dateworked, hoursWorked) VALUES (11,15,TO_DATE('2010-07-18','YYYY-MM-DD'),1);
INSERT INTO WorksOn(empNo, projNo, dateworked, hoursWorked) VALUES (11,7,TO_DATE('2017-07-01','YYYY-MM-DD'),8);
INSERT INTO WorksOn(empNo, projNo, dateworked, hoursWorked) VALUES (12,15,TO_DATE('2004-12-31','YYYY-MM-DD'),4);
INSERT INTO WorksOn(empNo, projNo, dateworked, hoursWorked) VALUES (12,4,TO_DATE('2011-06-12','YYYY-MM-DD'),1);
INSERT INTO WorksOn(empNo, projNo, dateworked, hoursWorked) VALUES (12,8,TO_DATE('2017-09-01','YYYY-MM-DD'),5);
INSERT INTO WorksOn(empNo, projNo, dateworked, hoursWorked) VALUES (12,9,TO_DATE('2009-03-14','YYYY-MM-DD'),10);
INSERT INTO WorksOn(empNo, projNo, dateworked, hoursWorked) VALUES (12,12,TO_DATE('2005-03-20','YYYY-MM-DD'),4);
INSERT INTO WorksOn(empNo, projNo, dateworked, hoursWorked) VALUES (13,13,TO_DATE('2016-03-29','YYYY-MM-DD'),2);
INSERT INTO WorksOn(empNo, projNo, dateworked, hoursWorked) VALUES (13,12,TO_DATE('1994-05-09','YYYY-MM-DD'),3);
INSERT INTO WorksOn(empNo, projNo, dateworked, hoursWorked) VALUES (14,8,TO_DATE('2016-04-26','YYYY-MM-DD'),7);
INSERT INTO WorksOn(empNo, projNo, dateworked, hoursWorked) VALUES (14,9,TO_DATE('2017-09-22','YYYY-MM-DD'),1);
INSERT INTO WorksOn(empNo, projNo, dateworked, hoursWorked) VALUES (14,12,TO_DATE('2002-12-11','YYYY-MM-DD'),2);
INSERT INTO WorksOn(empNo, projNo, dateworked, hoursWorked) VALUES (15,1,TO_DATE('2007-07-07','YYYY-MM-DD'),2);
INSERT INTO WorksOn(empNo, projNo, dateworked, hoursWorked) VALUES (16,15,TO_DATE('2006-04-19','YYYY-MM-DD'),8);
INSERT INTO WorksOn(empNo, projNo, dateworked, hoursWorked) VALUES (16,6,TO_DATE('2018-10-06','YYYY-MM-DD'),3);
INSERT INTO WorksOn(empNo, projNo, dateworked, hoursWorked) VALUES (16,13,TO_DATE('1999-04-21','YYYY-MM-DD'),4);
INSERT INTO WorksOn(empNo, projNo, dateworked, hoursWorked) VALUES (16,4,TO_DATE('2000-01-28','YYYY-MM-DD'),3);
INSERT INTO WorksOn(empNo, projNo, dateworked, hoursWorked) VALUES (17,17,TO_DATE('2003-09-29','YYYY-MM-DD'),6);
INSERT INTO WorksOn(empNo, projNo, dateworked, hoursWorked) VALUES (18,17,TO_DATE('2010-06-03','YYYY-MM-DD'),4);
INSERT INTO WorksOn(empNo, projNo, dateworked, hoursWorked) VALUES (18,15,TO_DATE('2007-05-09','YYYY-MM-DD'),6);
INSERT INTO WorksOn(empNo, projNo, dateworked, hoursWorked) VALUES (20,15,TO_DATE('2001-06-21','YYYY-MM-DD'),8);
INSERT INTO WorksOn(empNo, projNo, dateworked, hoursWorked) VALUES (20,17,TO_DATE('1994-11-04','YYYY-MM-DD'),7);
INSERT INTO WorksOn(empNo, projNo, dateworked, hoursWorked) VALUES (20,9,TO_DATE('1998-02-25','YYYY-MM-DD'),3);
INSERT INTO WorksOn(empNo, projNo, dateworked, hoursWorked) VALUES (20,15,TO_DATE('2012-01-26','YYYY-MM-DD'),8);
INSERT INTO WorksOn(empNo, projNo, dateworked, hoursWorked) VALUES (21,7,TO_DATE('2014-09-24','YYYY-MM-DD'),6);
INSERT INTO WorksOn(empNo, projNo, dateworked, hoursWorked) VALUES (22,5,TO_DATE('2004-09-20','YYYY-MM-DD'),4);
INSERT INTO WorksOn(empNo, projNo, dateworked, hoursWorked) VALUES (22,19,TO_DATE('2001-11-20','YYYY-MM-DD'),2);
INSERT INTO WorksOn(empNo, projNo, dateworked, hoursWorked) VALUES (23,2,TO_DATE('2015-08-15','YYYY-MM-DD'),4);
INSERT INTO WorksOn(empNo, projNo, dateworked, hoursWorked) VALUES (23,12,TO_DATE('2002-04-06','YYYY-MM-DD'),5);
INSERT INTO WorksOn(empNo, projNo, dateworked, hoursWorked) VALUES (23,10,TO_DATE('1998-06-22','YYYY-MM-DD'),5);
INSERT INTO WorksOn(empNo, projNo, dateworked, hoursWorked) VALUES (23,17,TO_DATE('1991-11-21','YYYY-MM-DD'),9);
INSERT INTO WorksOn(empNo, projNo, dateworked, hoursWorked) VALUES (24,20,TO_DATE('1993-06-22','YYYY-MM-DD'),5);
INSERT INTO WorksOn(empNo, projNo, dateworked, hoursWorked) VALUES (24,19,TO_DATE('1997-03-10','YYYY-MM-DD'),8);
INSERT INTO WorksOn(empNo, projNo, dateworked, hoursWorked) VALUES (25,9,TO_DATE('2004-01-17','YYYY-MM-DD'),1);
INSERT INTO WorksOn(empNo, projNo, dateworked, hoursWorked) VALUES (25,5,TO_DATE('2019-06-06','YYYY-MM-DD'),8);
INSERT INTO WorksOn(empNo, projNo, dateworked, hoursWorked) VALUES (25,4,TO_DATE('2008-02-13','YYYY-MM-DD'),9);
INSERT INTO WorksOn(empNo, projNo, dateworked, hoursWorked) VALUES (25,11,TO_DATE('2021-04-14','YYYY-MM-DD'),8);
INSERT INTO WorksOn(empNo, projNo, dateworked, hoursWorked) VALUES (25,2,TO_DATE('2011-02-17','YYYY-MM-DD'),4);
INSERT INTO WorksOn(empNo, projNo, dateworked, hoursWorked) VALUES (26,15,TO_DATE('2012-05-25','YYYY-MM-DD'),4);
INSERT INTO WorksOn(empNo, projNo, dateworked, hoursWorked) VALUES (26,20,TO_DATE('2019-04-11','YYYY-MM-DD'),1);
INSERT INTO WorksOn(empNo, projNo, dateworked, hoursWorked) VALUES (26,5,TO_DATE('2002-11-30','YYYY-MM-DD'),10);
INSERT INTO WorksOn(empNo, projNo, dateworked, hoursWorked) VALUES (26,12,TO_DATE('2003-12-04','YYYY-MM-DD'),4);
INSERT INTO WorksOn(empNo, projNo, dateworked, hoursWorked) VALUES (26,11,TO_DATE('2015-08-24','YYYY-MM-DD'),5);
INSERT INTO WorksOn(empNo, projNo, dateworked, hoursWorked) VALUES (27,2,TO_DATE('1998-01-29','YYYY-MM-DD'),7);
INSERT INTO WorksOn(empNo, projNo, dateworked, hoursWorked) VALUES (27,10,TO_DATE('1999-10-09','YYYY-MM-DD'),1);
INSERT INTO WorksOn(empNo, projNo, dateworked, hoursWorked) VALUES (28,9,TO_DATE('2001-10-19','YYYY-MM-DD'),6);
INSERT INTO WorksOn(empNo, projNo, dateworked, hoursWorked) VALUES (28,11,TO_DATE('1994-10-14','YYYY-MM-DD'),5);
INSERT INTO WorksOn(empNo, projNo, dateworked, hoursWorked) VALUES (28,10,TO_DATE('1997-08-19','YYYY-MM-DD'),4);
INSERT INTO WorksOn(empNo, projNo, dateworked, hoursWorked) VALUES (28,8,TO_DATE('2009-07-12','YYYY-MM-DD'),10);
INSERT INTO WorksOn(empNo, projNo, dateworked, hoursWorked) VALUES (29,18,TO_DATE('2007-03-08','YYYY-MM-DD'),8);
INSERT INTO WorksOn(empNo, projNo, dateworked, hoursWorked) VALUES (29,13,TO_DATE('2017-01-02','YYYY-MM-DD'),7);
INSERT INTO WorksOn(empNo, projNo, dateworked, hoursWorked) VALUES (30,12,TO_DATE('2019-11-30','YYYY-MM-DD'),10);
INSERT INTO WorksOn(empNo, projNo, dateworked, hoursWorked) VALUES (31,5,TO_DATE('1994-01-09','YYYY-MM-DD'),7);
INSERT INTO WorksOn(empNo, projNo, dateworked, hoursWorked) VALUES (31,7,TO_DATE('2010-05-06','YYYY-MM-DD'),1);
INSERT INTO WorksOn(empNo, projNo, dateworked, hoursWorked) VALUES (31,9,TO_DATE('2011-10-21','YYYY-MM-DD'),6);
INSERT INTO WorksOn(empNo, projNo, dateworked, hoursWorked) VALUES (32,5,TO_DATE('2016-09-21','YYYY-MM-DD'),5);
INSERT INTO WorksOn(empNo, projNo, dateworked, hoursWorked) VALUES (33,9,TO_DATE('1996-01-23','YYYY-MM-DD'),2);
INSERT INTO WorksOn(empNo, projNo, dateworked, hoursWorked) VALUES (34,4,TO_DATE('2016-02-13','YYYY-MM-DD'),8);
INSERT INTO WorksOn(empNo, projNo, dateworked, hoursWorked) VALUES (34,1,TO_DATE('2003-05-15','YYYY-MM-DD'),4);
INSERT INTO WorksOn(empNo, projNo, dateworked, hoursWorked) VALUES (36,7,TO_DATE('2010-06-16','YYYY-MM-DD'),3);
INSERT INTO WorksOn(empNo, projNo, dateworked, hoursWorked) VALUES (37,12,TO_DATE('2017-08-25','YYYY-MM-DD'),5);
INSERT INTO WorksOn(empNo, projNo, dateworked, hoursWorked) VALUES (37,6,TO_DATE('2021-03-08','YYYY-MM-DD'),2);
INSERT INTO WorksOn(empNo, projNo, dateworked, hoursWorked) VALUES (37,10,TO_DATE('1993-10-31','YYYY-MM-DD'),1);
INSERT INTO WorksOn(empNo, projNo, dateworked, hoursWorked) VALUES (37,3,TO_DATE('2011-01-07','YYYY-MM-DD'),9);
INSERT INTO WorksOn(empNo, projNo, dateworked, hoursWorked) VALUES (39,13,TO_DATE('2008-07-13','YYYY-MM-DD'),9);
INSERT INTO WorksOn(empNo, projNo, dateworked, hoursWorked) VALUES (39,18,TO_DATE('2016-12-25','YYYY-MM-DD'),2);
INSERT INTO WorksOn(empNo, projNo, dateworked, hoursWorked) VALUES (40,16,TO_DATE('2016-01-04','YYYY-MM-DD'),4);
INSERT INTO WorksOn(empNo, projNo, dateworked, hoursWorked) VALUES (40,18,TO_DATE('1997-03-15','YYYY-MM-DD'),1);
INSERT INTO WorksOn(empNo, projNo, dateworked, hoursWorked) VALUES (40,20,TO_DATE('2016-10-30','YYYY-MM-DD'),7);
INSERT INTO WorksOn(empNo, projNo, dateworked, hoursWorked) VALUES (40,10,TO_DATE('2006-05-21','YYYY-MM-DD'),4);
INSERT INTO WorksOn(empNo, projNo, dateworked, hoursWorked) VALUES (40,11,TO_DATE('1997-03-02','YYYY-MM-DD'),1);


