INSERT INTO Employee (empNo,fName,lName,address,DOB,sex,position) VALUES (1,'Joy','Berger','851 Lisa Lights
Snowbury, DE 35652',TO_DATE('1933-11-19', 'YYYY-MM-DD'),'F','1_position');
INSERT INTO Employee (empNo,fName,lName,address,DOB,sex,position) VALUES (2,'Elizabeth','Hernandez','4814 Christine Curve Apt. 800
East Brandonburgh, NH 64732',TO_DATE('1949-12-17', 'YYYY-MM-DD'),'F','2_position');
INSERT INTO Employee (empNo,fName,lName,address,DOB,sex,position) VALUES (3,'Jessica','Henderson','1684 Hughes Trace Apt. 168
South Tiffany, NJ 60895',TO_DATE('1963-11-23', 'YYYY-MM-DD'),'F','3_position');
INSERT INTO Employee (empNo,fName,lName,address,DOB,sex,position) VALUES (4,'Kathy','Hayes','3851 Bridget Ways
Stevenfurt, MA 62327',TO_DATE('1994-07-05', 'YYYY-MM-DD'),'F','4_position');
INSERT INTO Employee (empNo,fName,lName,address,DOB,sex,position) VALUES (5,'Daniel','Gilbert','03711 Rollins Lake Suite 140
West Paulastad, OR 37011',TO_DATE('1956-03-30', 'YYYY-MM-DD'),'M','5_position');
INSERT INTO Employee (empNo,fName,lName,address,DOB,sex,position) VALUES (6,'Jill','Owens','312 Murphy Loaf
Elizabethport, TN 94423',TO_DATE('1977-05-28', 'YYYY-MM-DD'),'F','6_position');
INSERT INTO Employee (empNo,fName,lName,address,DOB,sex,position) VALUES (7,'Michael','Russell','264 Daniel Highway
Smithfort, NM 29600',TO_DATE('1963-07-04', 'YYYY-MM-DD'),'M','7_position');
INSERT INTO Employee (empNo,fName,lName,address,DOB,sex,position) VALUES (8,'Alfred','Page','40152 Knox Manors Suite 051
West Paula, NJ 88819',TO_DATE('1980-02-20', 'YYYY-MM-DD'),'M','8_position');
INSERT INTO Employee (empNo,fName,lName,address,DOB,sex,position) VALUES (9,'Daniel','Martin','31551 Tyler Lakes Apt. 977
South Rogerfort, NM 21817',TO_DATE('1955-05-10', 'YYYY-MM-DD'),'M','9_position');
INSERT INTO Employee (empNo,fName,lName,address,DOB,sex,position) VALUES (10,'Pamela','Saunders','332 Ariel Shores Apt. 546
Codymouth, LA 20565',TO_DATE('1985-06-17', 'YYYY-MM-DD'),'F','10_position');
INSERT INTO Employee (empNo,fName,lName,address,DOB,sex,position) VALUES (11,'Victoria','Hamilton','8879 Melissa Orchard Apt. 003
Michelehaven, SD 40186',TO_DATE('1970-04-08', 'YYYY-MM-DD'),'F','11_position');
INSERT INTO Employee (empNo,fName,lName,address,DOB,sex,position) VALUES (12,'Michael','Bauer','0965 Reeves Views Apt. 994
South Aaronchester, MN 74317',TO_DATE('1985-07-01', 'YYYY-MM-DD'),'M','12_position');
INSERT INTO Employee (empNo,fName,lName,address,DOB,sex,position) VALUES (13,'Sean','Lambert','65334 Michelle Underpass Apt. 557
Vanessaborough, FL 35434',TO_DATE('1939-07-24', 'YYYY-MM-DD'),'M','13_position');
INSERT INTO Employee (empNo,fName,lName,address,DOB,sex,position) VALUES (14,'Kyle','Woodard','0881 Smith Corners
Lake Georgebury, TN 11923',TO_DATE('1925-10-08', 'YYYY-MM-DD'),'M','14_position');
INSERT INTO Employee (empNo,fName,lName,address,DOB,sex,position) VALUES (15,'Pamela','Newton','80843 Shelby Stream Suite 988
Daughertystad, HI 06896',TO_DATE('1984-08-15', 'YYYY-MM-DD'),'F','15_position');
INSERT INTO Employee (empNo,fName,lName,address,DOB,sex,position) VALUES (16,'Brett','Collins','66134 Hannah Trail Suite 139
North Sarahland, CT 64772',TO_DATE('1968-01-01', 'YYYY-MM-DD'),'M','16_position');
INSERT INTO Employee (empNo,fName,lName,address,DOB,sex,position) VALUES (17,'Karen','Allen','913 Hampton View Suite 165
Elizabethton, HI 32311',TO_DATE('1951-03-25', 'YYYY-MM-DD'),'F','17_position');
INSERT INTO Employee (empNo,fName,lName,address,DOB,sex,position) VALUES (18,'Jeffrey','Steele','35387 John Throughway
Griffinville, NH 48913',TO_DATE('1951-05-27', 'YYYY-MM-DD'),'M','18_position');
INSERT INTO Employee (empNo,fName,lName,address,DOB,sex,position) VALUES (19,'Allen','Stark','Unit 9621 Box 9196
DPO AE 19597',TO_DATE('1928-09-23', 'YYYY-MM-DD'),'M','19_position');
INSERT INTO Employee (empNo,fName,lName,address,DOB,sex,position) VALUES (20,'Hayley','Nguyen','2433 Daniel Path Apt. 678
New Christinaport, VA 63059',TO_DATE('1959-04-18', 'YYYY-MM-DD'),'F','20_position');
INSERT INTO Employee (empNo,fName,lName,address,DOB,sex,position) VALUES (21,'Tracey','Moore','PSC 3581, Box 4369
APO AE 24011',TO_DATE('1972-09-04', 'YYYY-MM-DD'),'F','21_position');
INSERT INTO Employee (empNo,fName,lName,address,DOB,sex,position) VALUES (22,'Natasha','Friedman','2478 Steven Drives Apt. 005
West Dawnshire, NH 23449',TO_DATE('1964-06-20', 'YYYY-MM-DD'),'F','22_position');
INSERT INTO Employee (empNo,fName,lName,address,DOB,sex,position) VALUES (23,'Laura','Hill','61439 Joel Corners
Davischester, OK 29169',TO_DATE('1930-10-08', 'YYYY-MM-DD'),'F','23_position');
INSERT INTO Employee (empNo,fName,lName,address,DOB,sex,position) VALUES (24,'Michael','Robles','PSC 6673, Box 5314
APO AA 50446',TO_DATE('1957-05-26', 'YYYY-MM-DD'),'M','24_position');
INSERT INTO Employee (empNo,fName,lName,address,DOB,sex,position) VALUES (25,'Suzanne','Wood','8730 Joshua Ville
New Morgan, AZ 31789',TO_DATE('1950-05-24', 'YYYY-MM-DD'),'F','25_position');
INSERT INTO Employee (empNo,fName,lName,address,DOB,sex,position) VALUES (26,'Troy','Martinez','672 Campbell Ford
Franklinmouth, WY 01397',TO_DATE('1921-09-18', 'YYYY-MM-DD'),'M','26_position');
INSERT INTO Employee (empNo,fName,lName,address,DOB,sex,position) VALUES (27,'Andrew','Cline','865 Ana Pine
Josephville, IL 59528',TO_DATE('1954-11-20', 'YYYY-MM-DD'),'M','27_position');
INSERT INTO Employee (empNo,fName,lName,address,DOB,sex,position) VALUES (28,'William','Buck','36593 Tony Ways Suite 575
Garciaview, MO 73460',TO_DATE('1945-11-14', 'YYYY-MM-DD'),'M','28_position');
INSERT INTO Employee (empNo,fName,lName,address,DOB,sex,position) VALUES (29,'Shaun','Gray','PSC 0826, Box 3130
APO AP 31054',TO_DATE('1925-07-25', 'YYYY-MM-DD'),'M','29_position');
INSERT INTO Employee (empNo,fName,lName,address,DOB,sex,position) VALUES (30,'Matthew','Campbell','96166 Chambers Harbor
Davidsonbury, AZ 43508',TO_DATE('1981-09-13', 'YYYY-MM-DD'),'M','30_position');
INSERT INTO Employee (empNo,fName,lName,address,DOB,sex,position) VALUES (31,'Juan','Ayers','871 Chung Underpass
South Monique, WV 19451',TO_DATE('1921-01-25', 'YYYY-MM-DD'),'M','31_position');
INSERT INTO Employee (empNo,fName,lName,address,DOB,sex,position) VALUES (32,'Kelly','Garrett','19458 Mcdonald Pines
Brianshire, MO 48262',TO_DATE('1946-06-19', 'YYYY-MM-DD'),'M','32_position');
INSERT INTO Employee (empNo,fName,lName,address,DOB,sex,position) VALUES (33,'David','Moody','7505 Chris Lights
Port Mikayla, TX 54056',TO_DATE('1937-02-13', 'YYYY-MM-DD'),'M','33_position');
INSERT INTO Employee (empNo,fName,lName,address,DOB,sex,position) VALUES (34,'Anthony','Smith','6405 Davis Estates Suite 181
Lanceshire, CT 01730',TO_DATE('1996-03-06', 'YYYY-MM-DD'),'M','34_position');
INSERT INTO Employee (empNo,fName,lName,address,DOB,sex,position) VALUES (35,'Gina','Carter','799 Monroe Port Suite 368
North Johnfort, NC 41101',TO_DATE('1947-09-26', 'YYYY-MM-DD'),'F','35_position');
INSERT INTO Employee (empNo,fName,lName,address,DOB,sex,position) VALUES (36,'Tyler','Waller','8353 Gregory Unions Apt. 566
New Reginald, OH 88343',TO_DATE('1950-10-10', 'YYYY-MM-DD'),'M','36_position');
INSERT INTO Employee (empNo,fName,lName,address,DOB,sex,position) VALUES (37,'Traci','Porter','2335 Brock Road
West Matthewstad, TX 22691',TO_DATE('1939-12-20', 'YYYY-MM-DD'),'F','37_position');
INSERT INTO Employee (empNo,fName,lName,address,DOB,sex,position) VALUES (38,'Cynthia','Sawyer','208 Dixon Orchard Apt. 314
Ashleymouth, MD 13451',TO_DATE('1935-05-07', 'YYYY-MM-DD'),'F','38_position');
INSERT INTO Employee (empNo,fName,lName,address,DOB,sex,position) VALUES (39,'Christina','Mccoy','7870 Eric Cliffs Suite 493
East Erika, IN 68145',TO_DATE('1995-11-07', 'YYYY-MM-DD'),'F','39_position');
INSERT INTO Employee (empNo,fName,lName,address,DOB,sex,position) VALUES (40,'Jesse','Ross','46985 Stewart Streets Apt. 435
Leslieland, NY 39587',TO_DATE('1970-07-09', 'YYYY-MM-DD'),'M','40_position');


INSERT INTO Department (deptNo, deptName, mgrEmpNo) VALUES (1,'department_1',1);
INSERT INTO Department (deptNo, deptName, mgrEmpNo) VALUES (2,'department_2',2);
INSERT INTO Department (deptNo, deptName, mgrEmpNo) VALUES (3,'department_3',3);
INSERT INTO Department (deptNo, deptName, mgrEmpNo) VALUES (4,'department_4',4);
INSERT INTO Department (deptNo, deptName, mgrEmpNo) VALUES (5,'department_5',5);
INSERT INTO Department (deptNo, deptName, mgrEmpNo) VALUES (6,'department_6',6);
INSERT INTO Department (deptNo, deptName, mgrEmpNo) VALUES (7,'department_7',7);
INSERT INTO Department (deptNo, deptName, mgrEmpNo) VALUES (8,'department_8',8);
INSERT INTO Department (deptNo, deptName, mgrEmpNo) VALUES (9,'department_9',9);
INSERT INTO Department (deptNo, deptName, mgrEmpNo) VALUES (10,'department_10',10);
INSERT INTO Department (deptNo, deptName, mgrEmpNo) VALUES (11,'department_11',11);
INSERT INTO Department (deptNo, deptName, mgrEmpNo) VALUES (12,'department_12',12);
INSERT INTO Department (deptNo, deptName, mgrEmpNo) VALUES (13,'department_13',13);
INSERT INTO Department (deptNo, deptName, mgrEmpNo) VALUES (14,'department_14',14);
INSERT INTO Department (deptNo, deptName, mgrEmpNo) VALUES (15,'department_15',15);
INSERT INTO Department (deptNo, deptName, mgrEmpNo) VALUES (16,'department_16',16);
INSERT INTO Department (deptNo, deptName, mgrEmpNo) VALUES (17,'department_17',17);
INSERT INTO Department (deptNo, deptName, mgrEmpNo) VALUES (18,'department_18',18);
INSERT INTO Department (deptNo, deptName, mgrEmpNo) VALUES (19,'department_19',19);
INSERT INTO Department (deptNo, deptName, mgrEmpNo) VALUES (20,'department_20',20);


UPDATE Employee SET deptNo = 3 WHERE empNo = 3;
UPDATE Employee SET deptNo = 14 WHERE empNo = 14;
UPDATE Employee SET deptNo = 11 WHERE empNo = 24;
UPDATE Employee SET deptNo = 14 WHERE empNo = 32;
UPDATE Employee SET deptNo = 1 WHERE empNo = 1;
UPDATE Employee SET deptNo = 2 WHERE empNo = 2;
UPDATE Employee SET deptNo = 16 WHERE empNo = 16;
UPDATE Employee SET deptNo = 5 WHERE empNo = 5;
UPDATE Employee SET deptNo = 7 WHERE empNo = 26;
UPDATE Employee SET deptNo = 15 WHERE empNo = 36;
UPDATE Employee SET deptNo = 11 WHERE empNo = 40;
UPDATE Employee SET deptNo = 20 WHERE empNo = 20;
UPDATE Employee SET deptNo = 19 WHERE empNo = 39;
UPDATE Employee SET deptNo = 8 WHERE empNo = 8;
UPDATE Employee SET deptNo = 11 WHERE empNo = 23;
UPDATE Employee SET deptNo = 20 WHERE empNo = 28;
UPDATE Employee SET deptNo = 13 WHERE empNo = 13;
UPDATE Employee SET deptNo = 10 WHERE empNo = 10;
UPDATE Employee SET deptNo = 15 WHERE empNo = 15;
UPDATE Employee SET deptNo = 9 WHERE empNo = 9;
UPDATE Employee SET deptNo = 8 WHERE empNo = 22;
UPDATE Employee SET deptNo = 19 WHERE empNo = 19;
UPDATE Employee SET deptNo = 12 WHERE empNo = 35;
UPDATE Employee SET deptNo = 17 WHERE empNo = 17;
UPDATE Employee SET deptNo = 4 WHERE empNo = 4;
UPDATE Employee SET deptNo = 12 WHERE empNo = 12;
UPDATE Employee SET deptNo = 18 WHERE empNo = 18;
UPDATE Employee SET deptNo = 7 WHERE empNo = 7;
UPDATE Employee SET deptNo = 11 WHERE empNo = 11;
UPDATE Employee SET deptNo = 6 WHERE empNo = 6;
UPDATE Employee SET deptNo = 1 WHERE empNo = 34;
UPDATE Employee SET deptNo = 11 WHERE empNo = 37;
UPDATE Employee SET deptNo = 14 WHERE empNo = 27;
UPDATE Employee SET deptNo = 4 WHERE empNo = 29;
UPDATE Employee SET deptNo = 6 WHERE empNo = 38;
UPDATE Employee SET deptNo = 11 WHERE empNo = 33;
UPDATE Employee SET deptNo = 10 WHERE empNo = 21;
UPDATE Employee SET deptNo = 11 WHERE empNo = 30;
UPDATE Employee SET deptNo = 6 WHERE empNo = 31;
UPDATE Employee SET deptNo = 5 WHERE empNo = 25;


INSERT INTO Project (projNo, projName, deptNo) VALUES (1, 'deliver user-centric partnerships', 1);
INSERT INTO Project (projNo, projName, deptNo) VALUES (2, 'revolutionize extensible methodologies', 2);
INSERT INTO Project (projNo, projName, deptNo) VALUES (3, 'revolutionize integrated users', 3);
INSERT INTO Project (projNo, projName, deptNo) VALUES (4, 'engineer web-enabled content', 4);
INSERT INTO Project (projNo, projName, deptNo) VALUES (5, 'orchestrate interactive niches', 5);
INSERT INTO Project (projNo, projName, deptNo) VALUES (6, 'target integrated e-services', 6);
INSERT INTO Project (projNo, projName, deptNo) VALUES (7, 'transition B2B markets', 7);
INSERT INTO Project (projNo, projName, deptNo) VALUES (8, 'utilize bricks-and-clicks e-business', 8);
INSERT INTO Project (projNo, projName, deptNo) VALUES (9, 'facilitate granular niches', 9);
INSERT INTO Project (projNo, projName, deptNo) VALUES (10, 'unleash compelling portals', 10);
INSERT INTO Project (projNo, projName, deptNo) VALUES (11, 'iterate ubiquitous solutions', 11);
INSERT INTO Project (projNo, projName, deptNo) VALUES (12, 'synthesize revolutionary users', 12);
INSERT INTO Project (projNo, projName, deptNo) VALUES (13, 'visualize holistic niches', 13);
INSERT INTO Project (projNo, projName, deptNo) VALUES (14, 'enable intuitive partnerships', 14);
INSERT INTO Project (projNo, projName, deptNo) VALUES (15, 'deliver real-time functionalities', 15);
INSERT INTO Project (projNo, projName, deptNo) VALUES (16, 'evolve wireless applications', 16);
INSERT INTO Project (projNo, projName, deptNo) VALUES (17, 'revolutionize transparent infrastructures', 17);
INSERT INTO Project (projNo, projName, deptNo) VALUES (18, 'drive cross-platform info-mediaries', 18);
INSERT INTO Project (projNo, projName, deptNo) VALUES (19, 'grow bleeding-edge portals', 19);
INSERT INTO Project (projNo, projName, deptNo) VALUES (20, 'disintermediate collaborative content', 20);


INSERT INTO WorksOn(empNo, projNo, dateworked, hoursWorked) VALUES (2,11,TO_DATE('1994-11-04','YYYY-MM-DD'),6);
INSERT INTO WorksOn(empNo, projNo, dateworked, hoursWorked) VALUES (2,2,TO_DATE('1998-02-25','YYYY-MM-DD'),2);
INSERT INTO WorksOn(empNo, projNo, dateworked, hoursWorked) VALUES (2,14,TO_DATE('2012-01-26','YYYY-MM-DD'),1);
INSERT INTO WorksOn(empNo, projNo, dateworked, hoursWorked) VALUES (4,14,TO_DATE('2014-09-24','YYYY-MM-DD'),6);
INSERT INTO WorksOn(empNo, projNo, dateworked, hoursWorked) VALUES (4,11,TO_DATE('2004-09-20','YYYY-MM-DD'),10);
INSERT INTO WorksOn(empNo, projNo, dateworked, hoursWorked) VALUES (5,14,TO_DATE('2001-11-20','YYYY-MM-DD'),8);
INSERT INTO WorksOn(empNo, projNo, dateworked, hoursWorked) VALUES (5,10,TO_DATE('2015-08-15','YYYY-MM-DD'),10);
INSERT INTO WorksOn(empNo, projNo, dateworked, hoursWorked) VALUES (7,15,TO_DATE('2002-04-06','YYYY-MM-DD'),4);
INSERT INTO WorksOn(empNo, projNo, dateworked, hoursWorked) VALUES (7,4,TO_DATE('1998-06-22','YYYY-MM-DD'),3);
INSERT INTO WorksOn(empNo, projNo, dateworked, hoursWorked) VALUES (7,10,TO_DATE('1991-11-21','YYYY-MM-DD'),6);
INSERT INTO WorksOn(empNo, projNo, dateworked, hoursWorked) VALUES (8,17,TO_DATE('1993-06-22','YYYY-MM-DD'),5);
INSERT INTO WorksOn(empNo, projNo, dateworked, hoursWorked) VALUES (8,16,TO_DATE('1997-03-10','YYYY-MM-DD'),7);
INSERT INTO WorksOn(empNo, projNo, dateworked, hoursWorked) VALUES (8,11,TO_DATE('2004-01-17','YYYY-MM-DD'),7);
INSERT INTO WorksOn(empNo, projNo, dateworked, hoursWorked) VALUES (10,19,TO_DATE('2019-06-06','YYYY-MM-DD'),9);
INSERT INTO WorksOn(empNo, projNo, dateworked, hoursWorked) VALUES (10,3,TO_DATE('2008-02-13','YYYY-MM-DD'),7);
INSERT INTO WorksOn(empNo, projNo, dateworked, hoursWorked) VALUES (10,2,TO_DATE('2021-04-14','YYYY-MM-DD'),2);
INSERT INTO WorksOn(empNo, projNo, dateworked, hoursWorked) VALUES (10,4,TO_DATE('2011-02-17','YYYY-MM-DD'),3);
INSERT INTO WorksOn(empNo, projNo, dateworked, hoursWorked) VALUES (11,20,TO_DATE('2012-05-25','YYYY-MM-DD'),1);
INSERT INTO WorksOn(empNo, projNo, dateworked, hoursWorked) VALUES (11,14,TO_DATE('2019-04-11','YYYY-MM-DD'),8);
INSERT INTO WorksOn(empNo, projNo, dateworked, hoursWorked) VALUES (12,20,TO_DATE('2002-11-30','YYYY-MM-DD'),4);
INSERT INTO WorksOn(empNo, projNo, dateworked, hoursWorked) VALUES (12,17,TO_DATE('2003-12-04','YYYY-MM-DD'),1);
INSERT INTO WorksOn(empNo, projNo, dateworked, hoursWorked) VALUES (12,16,TO_DATE('2015-08-24','YYYY-MM-DD'),5);
INSERT INTO WorksOn(empNo, projNo, dateworked, hoursWorked) VALUES (12,11,TO_DATE('1998-01-29','YYYY-MM-DD'),10);
INSERT INTO WorksOn(empNo, projNo, dateworked, hoursWorked) VALUES (12,5,TO_DATE('1999-10-09','YYYY-MM-DD'),4);
INSERT INTO WorksOn(empNo, projNo, dateworked, hoursWorked) VALUES (13,18,TO_DATE('2001-10-19','YYYY-MM-DD'),2);
INSERT INTO WorksOn(empNo, projNo, dateworked, hoursWorked) VALUES (13,5,TO_DATE('1994-10-14','YYYY-MM-DD'),3);
INSERT INTO WorksOn(empNo, projNo, dateworked, hoursWorked) VALUES (14,16,TO_DATE('1997-08-19','YYYY-MM-DD'),7);
INSERT INTO WorksOn(empNo, projNo, dateworked, hoursWorked) VALUES (14,11,TO_DATE('2009-07-12','YYYY-MM-DD'),1);
INSERT INTO WorksOn(empNo, projNo, dateworked, hoursWorked) VALUES (14,5,TO_DATE('2007-03-08','YYYY-MM-DD'),2);
INSERT INTO WorksOn(empNo, projNo, dateworked, hoursWorked) VALUES (15,2,TO_DATE('2017-01-02','YYYY-MM-DD'),2);
INSERT INTO WorksOn(empNo, projNo, dateworked, hoursWorked) VALUES (16,20,TO_DATE('2019-11-30','YYYY-MM-DD'),8);
INSERT INTO WorksOn(empNo, projNo, dateworked, hoursWorked) VALUES (16,13,TO_DATE('1994-01-09','YYYY-MM-DD'),3);
INSERT INTO WorksOn(empNo, projNo, dateworked, hoursWorked) VALUES (16,18,TO_DATE('2010-05-06','YYYY-MM-DD'),4);
INSERT INTO WorksOn(empNo, projNo, dateworked, hoursWorked) VALUES (16,17,TO_DATE('2011-10-21','YYYY-MM-DD'),3);
INSERT INTO WorksOn(empNo, projNo, dateworked, hoursWorked) VALUES (17,4,TO_DATE('2016-09-21','YYYY-MM-DD'),6);
INSERT INTO WorksOn(empNo, projNo, dateworked, hoursWorked) VALUES (18,4,TO_DATE('1996-01-23','YYYY-MM-DD'),4);
INSERT INTO WorksOn(empNo, projNo, dateworked, hoursWorked) VALUES (18,20,TO_DATE('2016-02-13','YYYY-MM-DD'),6);
INSERT INTO WorksOn(empNo, projNo, dateworked, hoursWorked) VALUES (20,20,TO_DATE('2003-05-15','YYYY-MM-DD'),8);
INSERT INTO WorksOn(empNo, projNo, dateworked, hoursWorked) VALUES (20,4,TO_DATE('2010-06-16','YYYY-MM-DD'),7);
INSERT INTO WorksOn(empNo, projNo, dateworked, hoursWorked) VALUES (20,11,TO_DATE('2017-08-25','YYYY-MM-DD'),3);
INSERT INTO WorksOn(empNo, projNo, dateworked, hoursWorked) VALUES (20,20,TO_DATE('2021-03-08','YYYY-MM-DD'),8);
INSERT INTO WorksOn(empNo, projNo, dateworked, hoursWorked) VALUES (21,14,TO_DATE('1993-10-31','YYYY-MM-DD'),6);
INSERT INTO WorksOn(empNo, projNo, dateworked, hoursWorked) VALUES (22,12,TO_DATE('2011-01-07','YYYY-MM-DD'),4);
INSERT INTO WorksOn(empNo, projNo, dateworked, hoursWorked) VALUES (22,3,TO_DATE('2008-07-13','YYYY-MM-DD'),2);
INSERT INTO WorksOn(empNo, projNo, dateworked, hoursWorked) VALUES (23,9,TO_DATE('2016-12-25','YYYY-MM-DD'),4);
INSERT INTO WorksOn(empNo, projNo, dateworked, hoursWorked) VALUES (23,5,TO_DATE('2016-01-04','YYYY-MM-DD'),5);
INSERT INTO WorksOn(empNo, projNo, dateworked, hoursWorked) VALUES (23,1,TO_DATE('1997-03-15','YYYY-MM-DD'),5);
INSERT INTO WorksOn(empNo, projNo, dateworked, hoursWorked) VALUES (23,4,TO_DATE('2016-10-30','YYYY-MM-DD'),9);
INSERT INTO WorksOn(empNo, projNo, dateworked, hoursWorked) VALUES (24,8,TO_DATE('2006-05-21','YYYY-MM-DD'),5);
INSERT INTO WorksOn(empNo, projNo, dateworked, hoursWorked) VALUES (24,3,TO_DATE('1997-03-02','YYYY-MM-DD'),8);
INSERT INTO WorksOn(empNo, projNo, dateworked, hoursWorked) VALUES (25,11,TO_DATE('1993-07-02','YYYY-MM-DD'),1);
INSERT INTO WorksOn(empNo, projNo, dateworked, hoursWorked) VALUES (25,12,TO_DATE('2001-10-10','YYYY-MM-DD'),8);
INSERT INTO WorksOn(empNo, projNo, dateworked, hoursWorked) VALUES (25,17,TO_DATE('2009-07-27','YYYY-MM-DD'),9);
INSERT INTO WorksOn(empNo, projNo, dateworked, hoursWorked) VALUES (25,7,TO_DATE('1994-02-12','YYYY-MM-DD'),8);
INSERT INTO WorksOn(empNo, projNo, dateworked, hoursWorked) VALUES (25,9,TO_DATE('2012-10-04','YYYY-MM-DD'),4);
INSERT INTO WorksOn(empNo, projNo, dateworked, hoursWorked) VALUES (26,20,TO_DATE('2019-04-14','YYYY-MM-DD'),4);
INSERT INTO WorksOn(empNo, projNo, dateworked, hoursWorked) VALUES (26,8,TO_DATE('2018-11-07','YYYY-MM-DD'),1);
INSERT INTO WorksOn(empNo, projNo, dateworked, hoursWorked) VALUES (26,12,TO_DATE('2020-01-01','YYYY-MM-DD'),10);
INSERT INTO WorksOn(empNo, projNo, dateworked, hoursWorked) VALUES (26,5,TO_DATE('2006-12-07','YYYY-MM-DD'),4);
INSERT INTO WorksOn(empNo, projNo, dateworked, hoursWorked) VALUES (26,7,TO_DATE('1997-09-24','YYYY-MM-DD'),5);
INSERT INTO WorksOn(empNo, projNo, dateworked, hoursWorked) VALUES (27,9,TO_DATE('2020-03-19','YYYY-MM-DD'),7);
INSERT INTO WorksOn(empNo, projNo, dateworked, hoursWorked) VALUES (27,1,TO_DATE('2005-08-01','YYYY-MM-DD'),1);
INSERT INTO WorksOn(empNo, projNo, dateworked, hoursWorked) VALUES (28,11,TO_DATE('2018-12-17','YYYY-MM-DD'),6);
INSERT INTO WorksOn(empNo, projNo, dateworked, hoursWorked) VALUES (28,7,TO_DATE('2006-02-10','YYYY-MM-DD'),5);
INSERT INTO WorksOn(empNo, projNo, dateworked, hoursWorked) VALUES (28,1,TO_DATE('1992-08-21','YYYY-MM-DD'),4);
INSERT INTO WorksOn(empNo, projNo, dateworked, hoursWorked) VALUES (28,16,TO_DATE('2017-10-05','YYYY-MM-DD'),10);
INSERT INTO WorksOn(empNo, projNo, dateworked, hoursWorked) VALUES (29,15,TO_DATE('2002-05-20','YYYY-MM-DD'),8);
INSERT INTO WorksOn(empNo, projNo, dateworked, hoursWorked) VALUES (29,18,TO_DATE('1998-07-15','YYYY-MM-DD'),7);
INSERT INTO WorksOn(empNo, projNo, dateworked, hoursWorked) VALUES (30,5,TO_DATE('1993-01-05','YYYY-MM-DD'),10);
INSERT INTO WorksOn(empNo, projNo, dateworked, hoursWorked) VALUES (31,12,TO_DATE('2016-07-23','YYYY-MM-DD'),7);
INSERT INTO WorksOn(empNo, projNo, dateworked, hoursWorked) VALUES (31,14,TO_DATE('1999-06-05','YYYY-MM-DD'),1);
INSERT INTO WorksOn(empNo, projNo, dateworked, hoursWorked) VALUES (31,11,TO_DATE('2019-02-18','YYYY-MM-DD'),6);
INSERT INTO WorksOn(empNo, projNo, dateworked, hoursWorked) VALUES (32,12,TO_DATE('2006-12-22','YYYY-MM-DD'),5);
INSERT INTO WorksOn(empNo, projNo, dateworked, hoursWorked) VALUES (33,11,TO_DATE('2019-08-07','YYYY-MM-DD'),2);
INSERT INTO WorksOn(empNo, projNo, dateworked, hoursWorked) VALUES (34,17,TO_DATE('1994-07-22','YYYY-MM-DD'),8);
INSERT INTO WorksOn(empNo, projNo, dateworked, hoursWorked) VALUES (34,2,TO_DATE('1999-09-28','YYYY-MM-DD'),4);
INSERT INTO WorksOn(empNo, projNo, dateworked, hoursWorked) VALUES (36,14,TO_DATE('2012-08-10','YYYY-MM-DD'),3);
INSERT INTO WorksOn(empNo, projNo, dateworked, hoursWorked) VALUES (37,5,TO_DATE('1994-04-09','YYYY-MM-DD'),5);
INSERT INTO WorksOn(empNo, projNo, dateworked, hoursWorked) VALUES (37,13,TO_DATE('1995-05-21','YYYY-MM-DD'),2);
INSERT INTO WorksOn(empNo, projNo, dateworked, hoursWorked) VALUES (37,1,TO_DATE('1992-06-30','YYYY-MM-DD'),1);
INSERT INTO WorksOn(empNo, projNo, dateworked, hoursWorked) VALUES (37,6,TO_DATE('1997-06-11','YYYY-MM-DD'),9);
INSERT INTO WorksOn(empNo, projNo, dateworked, hoursWorked) VALUES (39,18,TO_DATE('1999-05-12','YYYY-MM-DD'),9);
INSERT INTO WorksOn(empNo, projNo, dateworked, hoursWorked) VALUES (39,15,TO_DATE('2000-06-21','YYYY-MM-DD'),2);
INSERT INTO WorksOn(empNo, projNo, dateworked, hoursWorked) VALUES (40,19,TO_DATE('1996-05-30','YYYY-MM-DD'),4);
INSERT INTO WorksOn(empNo, projNo, dateworked, hoursWorked) VALUES (40,15,TO_DATE('1998-10-12','YYYY-MM-DD'),1);
INSERT INTO WorksOn(empNo, projNo, dateworked, hoursWorked) VALUES (40,8,TO_DATE('2017-11-15','YYYY-MM-DD'),7);
INSERT INTO WorksOn(empNo, projNo, dateworked, hoursWorked) VALUES (40,1,TO_DATE('1992-07-25','YYYY-MM-DD'),4);
INSERT INTO WorksOn(empNo, projNo, dateworked, hoursWorked) VALUES (40,7,TO_DATE('2012-08-16','YYYY-MM-DD'),1);


