INSERT INTO Employee (empNo,fName,lName,address,DOB,sex,position) VALUES (1,'Joy','Berger','851 Lisa Lights
Snowbury, DE 35652',TO_DATE('1976-10-06', 'YYYY-MM-DD'),'F','1_position');
INSERT INTO Employee (empNo,fName,lName,address,DOB,sex,position) VALUES (2,'Elizabeth','Hernandez','4814 Christine Curve Apt. 800
East Brandonburgh, NH 64732',TO_DATE('1984-10-20', 'YYYY-MM-DD'),'F','2_position');
INSERT INTO Employee (empNo,fName,lName,address,DOB,sex,position) VALUES (3,'Jessica','Henderson','1684 Hughes Trace Apt. 168
South Tiffany, NJ 60895',TO_DATE('1991-10-08', 'YYYY-MM-DD'),'F','3_position');
INSERT INTO Employee (empNo,fName,lName,address,DOB,sex,position) VALUES (4,'Kathy','Hayes','3851 Bridget Ways
Stevenfurt, MA 62327',TO_DATE('2014-05-09', 'YYYY-MM-DD'),'F','4_position');
INSERT INTO Employee (empNo,fName,lName,address,DOB,sex,position) VALUES (5,'Joshua','Ware','03711 Rollins Lake Suite 140
West Paulastad, OR 37011',TO_DATE('1987-12-11', 'YYYY-MM-DD'),'M','5_position');
INSERT INTO Employee (empNo,fName,lName,address,DOB,sex,position) VALUES (6,'Jill','Owens','312 Murphy Loaf
Elizabethport, TN 94423',TO_DATE('2012-02-01', 'YYYY-MM-DD'),'F','6_position');
INSERT INTO Employee (empNo,fName,lName,address,DOB,sex,position) VALUES (7,'Jason','Gutierrez','264 Daniel Highway
Smithfort, NM 29600',TO_DATE('1991-07-29', 'YYYY-MM-DD'),'M','7_position');
INSERT INTO Employee (empNo,fName,lName,address,DOB,sex,position) VALUES (8,'Alfred','Page','40152 Knox Manors Suite 051
West Paula, NJ 88819',TO_DATE('1999-11-22', 'YYYY-MM-DD'),'M','8_position');
INSERT INTO Employee (empNo,fName,lName,address,DOB,sex,position) VALUES (9,'Daniel','Martin','31551 Tyler Lakes Apt. 977
South Rogerfort, NM 21817',TO_DATE('1987-07-02', 'YYYY-MM-DD'),'M','9_position');
INSERT INTO Employee (empNo,fName,lName,address,DOB,sex,position) VALUES (10,'Pamela','Saunders','332 Ariel Shores Apt. 546
Codymouth, LA 20565',TO_DATE('2002-07-21', 'YYYY-MM-DD'),'F','10_position');
INSERT INTO Employee (empNo,fName,lName,address,DOB,sex,position) VALUES (11,'Victoria','Hamilton','8879 Melissa Orchard Apt. 003
Michelehaven, SD 40186',TO_DATE('1994-12-15', 'YYYY-MM-DD'),'F','11_position');
INSERT INTO Employee (empNo,fName,lName,address,DOB,sex,position) VALUES (12,'Michael','Bauer','0965 Reeves Views Apt. 994
South Aaronchester, MN 74317',TO_DATE('2002-07-28', 'YYYY-MM-DD'),'M','12_position');
INSERT INTO Employee (empNo,fName,lName,address,DOB,sex,position) VALUES (13,'Sean','Lambert','65334 Michelle Underpass Apt. 557
Vanessaborough, FL 35434',TO_DATE('1979-08-08', 'YYYY-MM-DD'),'M','13_position');
INSERT INTO Employee (empNo,fName,lName,address,DOB,sex,position) VALUES (14,'Kyle','Woodard','0881 Smith Corners
Lake Georgebury, TN 11923',TO_DATE('1972-09-15', 'YYYY-MM-DD'),'M','14_position');
INSERT INTO Employee (empNo,fName,lName,address,DOB,sex,position) VALUES (15,'Pamela','Newton','80843 Shelby Stream Suite 988
Daughertystad, HI 06896',TO_DATE('2020-11-03', 'YYYY-MM-DD'),'F','15_position');
INSERT INTO Employee (empNo,fName,lName,address,DOB,sex,position) VALUES (16,'John','Freeman','USNV Vincent
FPO AA 50883',TO_DATE('1976-08-29', 'YYYY-MM-DD'),'M','16_position');
INSERT INTO Employee (empNo,fName,lName,address,DOB,sex,position) VALUES (17,'Claudia','Gross','139 Corey Hill Apt. 717
Timothybury, AR 45941',TO_DATE('1995-07-20', 'YYYY-MM-DD'),'F','17_position');
INSERT INTO Employee (empNo,fName,lName,address,DOB,sex,position) VALUES (18,'Willie','Morrison','471 Pearson Terrace
Elizabethton, HI 32311',TO_DATE('2019-08-10', 'YYYY-MM-DD'),'M','18_position');
INSERT INTO Employee (empNo,fName,lName,address,DOB,sex,position) VALUES (19,'Michael','Reynolds','35387 John Throughway
Griffinville, NH 48913',TO_DATE('1985-07-10', 'YYYY-MM-DD'),'M','19_position');
INSERT INTO Employee (empNo,fName,lName,address,DOB,sex,position) VALUES (20,'Amanda','Stark','Unit 9621 Box 9196
DPO AE 19597',TO_DATE('1974-03-09', 'YYYY-MM-DD'),'F','20_position');
INSERT INTO Employee (empNo,fName,lName,address,DOB,sex,position) VALUES (21,'Hayley','Nguyen','2433 Daniel Path Apt. 678
New Christinaport, VA 63059',TO_DATE('1989-06-20', 'YYYY-MM-DD'),'F','21_position');
INSERT INTO Employee (empNo,fName,lName,address,DOB,sex,position) VALUES (22,'Tracey','Moore','PSC 3581, Box 4369
APO AE 24011',TO_DATE('1996-02-28', 'YYYY-MM-DD'),'F','22_position');


INSERT INTO Department (deptNo, deptName, mgrEmpNo) VALUES (1,'department_1',1);
INSERT INTO Department (deptNo, deptName, mgrEmpNo) VALUES (2,'department_2',2);
INSERT INTO Department (deptNo, deptName, mgrEmpNo) VALUES (3,'department_3',3);
INSERT INTO Department (deptNo, deptName, mgrEmpNo) VALUES (4,'department_4',4);
INSERT INTO Department (deptNo, deptName, mgrEmpNo) VALUES (5,'department_5',5);
INSERT INTO Department (deptNo, deptName, mgrEmpNo) VALUES (6,'department_6',6);
INSERT INTO Department (deptNo, deptName, mgrEmpNo) VALUES (7,'department_7',7);
INSERT INTO Department (deptNo, deptName, mgrEmpNo) VALUES (8,'department_8',8);
INSERT INTO Department (deptNo, deptName, mgrEmpNo) VALUES (9,'department_9',9);
INSERT INTO Department (deptNo, deptName, mgrEmpNo) VALUES (10,'department_10',10);
INSERT INTO Department (deptNo, deptName, mgrEmpNo) VALUES (11,'department_11',11);


UPDATE Employee SET deptNo = 10 WHERE empNo = 10;
UPDATE Employee SET deptNo = 9 WHERE empNo = 9;
UPDATE Employee SET deptNo = 11 WHERE empNo = 18;
UPDATE Employee SET deptNo = 3 WHERE empNo = 16;
UPDATE Employee SET deptNo = 10 WHERE empNo = 15;
UPDATE Employee SET deptNo = 3 WHERE empNo = 3;
UPDATE Employee SET deptNo = 11 WHERE empNo = 11;
UPDATE Employee SET deptNo = 7 WHERE empNo = 7;
UPDATE Employee SET deptNo = 6 WHERE empNo = 20;
UPDATE Employee SET deptNo = 5 WHERE empNo = 17;
UPDATE Employee SET deptNo = 4 WHERE empNo = 4;
UPDATE Employee SET deptNo = 2 WHERE empNo = 13;
UPDATE Employee SET deptNo = 8 WHERE empNo = 8;
UPDATE Employee SET deptNo = 7 WHERE empNo = 14;
UPDATE Employee SET deptNo = 5 WHERE empNo = 5;
UPDATE Employee SET deptNo = 8 WHERE empNo = 19;
UPDATE Employee SET deptNo = 10 WHERE empNo = 12;
UPDATE Employee SET deptNo = 11 WHERE empNo = 21;
UPDATE Employee SET deptNo = 6 WHERE empNo = 6;
UPDATE Employee SET deptNo = 2 WHERE empNo = 22;
UPDATE Employee SET deptNo = 2 WHERE empNo = 2;
UPDATE Employee SET deptNo = 1 WHERE empNo = 1;


INSERT INTO Project (projNo, projName, deptNo) VALUES (1, 'extend next-generation convergence', 1);
INSERT INTO Project (projNo, projName, deptNo) VALUES (2, 'drive real-time architectures', 2);
INSERT INTO Project (projNo, projName, deptNo) VALUES (3, 'orchestrate efficient systems', 3);
INSERT INTO Project (projNo, projName, deptNo) VALUES (4, 'whiteboard clicks-and-mortar bandwidth', 4);
INSERT INTO Project (projNo, projName, deptNo) VALUES (5, 'maximize B2C paradigms', 5);
INSERT INTO Project (projNo, projName, deptNo) VALUES (6, 'iterate vertical synergies', 6);
INSERT INTO Project (projNo, projName, deptNo) VALUES (7, 'harness innovative convergence', 7);
INSERT INTO Project (projNo, projName, deptNo) VALUES (8, 'visualize enterprise networks', 8);
INSERT INTO Project (projNo, projName, deptNo) VALUES (9, 'empower plug-and-play ROI', 9);
INSERT INTO Project (projNo, projName, deptNo) VALUES (10, 'harness efficient networks', 10);
INSERT INTO Project (projNo, projName, deptNo) VALUES (11, 'e-enable plug-and-play solutions', 11);


INSERT INTO WorksOn(empNo, projNo, dateworked, hoursWorked) VALUES (1,9,TO_DATE('1993-03-14','YYYY-MM-DD'),9);
INSERT INTO WorksOn(empNo, projNo, dateworked, hoursWorked) VALUES (1,10,TO_DATE('2005-10-30','YYYY-MM-DD'),7);
INSERT INTO WorksOn(empNo, projNo, dateworked, hoursWorked) VALUES (1,9,TO_DATE('1993-09-08','YYYY-MM-DD'),4);
INSERT INTO WorksOn(empNo, projNo, dateworked, hoursWorked) VALUES (1,7,TO_DATE('2000-12-26','YYYY-MM-DD'),7);
INSERT INTO WorksOn(empNo, projNo, dateworked, hoursWorked) VALUES (1,2,TO_DATE('1998-02-12','YYYY-MM-DD'),3);
INSERT INTO WorksOn(empNo, projNo, dateworked, hoursWorked) VALUES (2,9,TO_DATE('2010-11-11','YYYY-MM-DD'),8);
INSERT INTO WorksOn(empNo, projNo, dateworked, hoursWorked) VALUES (2,1,TO_DATE('1998-05-19','YYYY-MM-DD'),6);
INSERT INTO WorksOn(empNo, projNo, dateworked, hoursWorked) VALUES (2,2,TO_DATE('1999-05-31','YYYY-MM-DD'),8);
INSERT INTO WorksOn(empNo, projNo, dateworked, hoursWorked) VALUES (3,6,TO_DATE('1994-04-20','YYYY-MM-DD'),7);
INSERT INTO WorksOn(empNo, projNo, dateworked, hoursWorked) VALUES (3,4,TO_DATE('2018-11-23','YYYY-MM-DD'),3);
INSERT INTO WorksOn(empNo, projNo, dateworked, hoursWorked) VALUES (3,4,TO_DATE('2006-06-02','YYYY-MM-DD'),4);
INSERT INTO WorksOn(empNo, projNo, dateworked, hoursWorked) VALUES (4,4,TO_DATE('1994-06-02','YYYY-MM-DD'),2);
INSERT INTO WorksOn(empNo, projNo, dateworked, hoursWorked) VALUES (4,2,TO_DATE('2004-03-03','YYYY-MM-DD'),3);
INSERT INTO WorksOn(empNo, projNo, dateworked, hoursWorked) VALUES (4,5,TO_DATE('2005-05-19','YYYY-MM-DD'),10);
INSERT INTO WorksOn(empNo, projNo, dateworked, hoursWorked) VALUES (4,10,TO_DATE('2006-12-04','YYYY-MM-DD'),8);
INSERT INTO WorksOn(empNo, projNo, dateworked, hoursWorked) VALUES (5,9,TO_DATE('2010-12-04','YYYY-MM-DD'),4);
INSERT INTO WorksOn(empNo, projNo, dateworked, hoursWorked) VALUES (5,4,TO_DATE('1998-10-19','YYYY-MM-DD'),8);
INSERT INTO WorksOn(empNo, projNo, dateworked, hoursWorked) VALUES (6,2,TO_DATE('1993-12-16','YYYY-MM-DD'),4);
INSERT INTO WorksOn(empNo, projNo, dateworked, hoursWorked) VALUES (6,5,TO_DATE('2015-01-20','YYYY-MM-DD'),9);
INSERT INTO WorksOn(empNo, projNo, dateworked, hoursWorked) VALUES (6,5,TO_DATE('2004-05-12','YYYY-MM-DD'),5);
INSERT INTO WorksOn(empNo, projNo, dateworked, hoursWorked) VALUES (6,3,TO_DATE('2018-06-22','YYYY-MM-DD'),1);
INSERT INTO WorksOn(empNo, projNo, dateworked, hoursWorked) VALUES (6,3,TO_DATE('2005-08-13','YYYY-MM-DD'),8);
INSERT INTO WorksOn(empNo, projNo, dateworked, hoursWorked) VALUES (7,7,TO_DATE('2005-06-02','YYYY-MM-DD'),2);
INSERT INTO WorksOn(empNo, projNo, dateworked, hoursWorked) VALUES (7,9,TO_DATE('2005-08-23','YYYY-MM-DD'),7);
INSERT INTO WorksOn(empNo, projNo, dateworked, hoursWorked) VALUES (7,4,TO_DATE('2016-01-24','YYYY-MM-DD'),5);
INSERT INTO WorksOn(empNo, projNo, dateworked, hoursWorked) VALUES (7,7,TO_DATE('2004-08-22','YYYY-MM-DD'),5);
INSERT INTO WorksOn(empNo, projNo, dateworked, hoursWorked) VALUES (7,6,TO_DATE('2016-06-20','YYYY-MM-DD'),1);
INSERT INTO WorksOn(empNo, projNo, dateworked, hoursWorked) VALUES (9,10,TO_DATE('2006-09-17','YYYY-MM-DD'),6);
INSERT INTO WorksOn(empNo, projNo, dateworked, hoursWorked) VALUES (9,9,TO_DATE('1999-02-17','YYYY-MM-DD'),10);
INSERT INTO WorksOn(empNo, projNo, dateworked, hoursWorked) VALUES (10,10,TO_DATE('2003-03-10','YYYY-MM-DD'),8);
INSERT INTO WorksOn(empNo, projNo, dateworked, hoursWorked) VALUES (10,6,TO_DATE('2014-12-10','YYYY-MM-DD'),8);
INSERT INTO WorksOn(empNo, projNo, dateworked, hoursWorked) VALUES (11,11,TO_DATE('1998-11-04','YYYY-MM-DD'),8);
INSERT INTO WorksOn(empNo, projNo, dateworked, hoursWorked) VALUES (11,7,TO_DATE('2018-03-13','YYYY-MM-DD'),4);
INSERT INTO WorksOn(empNo, projNo, dateworked, hoursWorked) VALUES (11,7,TO_DATE('1995-04-02','YYYY-MM-DD'),3);
INSERT INTO WorksOn(empNo, projNo, dateworked, hoursWorked) VALUES (11,1,TO_DATE('2000-11-12','YYYY-MM-DD'),6);
INSERT INTO WorksOn(empNo, projNo, dateworked, hoursWorked) VALUES (12,4,TO_DATE('2007-03-24','YYYY-MM-DD'),5);
INSERT INTO WorksOn(empNo, projNo, dateworked, hoursWorked) VALUES (12,6,TO_DATE('2004-04-27','YYYY-MM-DD'),10);
INSERT INTO WorksOn(empNo, projNo, dateworked, hoursWorked) VALUES (12,9,TO_DATE('2000-08-13','YYYY-MM-DD'),7);
INSERT INTO WorksOn(empNo, projNo, dateworked, hoursWorked) VALUES (13,7,TO_DATE('2013-07-01','YYYY-MM-DD'),9);
INSERT INTO WorksOn(empNo, projNo, dateworked, hoursWorked) VALUES (13,8,TO_DATE('2003-12-05','YYYY-MM-DD'),9);
INSERT INTO WorksOn(empNo, projNo, dateworked, hoursWorked) VALUES (13,8,TO_DATE('1999-08-13','YYYY-MM-DD'),7);
INSERT INTO WorksOn(empNo, projNo, dateworked, hoursWorked) VALUES (14,7,TO_DATE('2019-07-25','YYYY-MM-DD'),2);
INSERT INTO WorksOn(empNo, projNo, dateworked, hoursWorked) VALUES (14,8,TO_DATE('2004-11-27','YYYY-MM-DD'),5);
INSERT INTO WorksOn(empNo, projNo, dateworked, hoursWorked) VALUES (15,11,TO_DATE('1992-06-25','YYYY-MM-DD'),5);
INSERT INTO WorksOn(empNo, projNo, dateworked, hoursWorked) VALUES (15,1,TO_DATE('2002-04-26','YYYY-MM-DD'),8);
INSERT INTO WorksOn(empNo, projNo, dateworked, hoursWorked) VALUES (15,3,TO_DATE('2010-03-03','YYYY-MM-DD'),6);
INSERT INTO WorksOn(empNo, projNo, dateworked, hoursWorked) VALUES (17,10,TO_DATE('2007-01-24','YYYY-MM-DD'),7);
INSERT INTO WorksOn(empNo, projNo, dateworked, hoursWorked) VALUES (17,5,TO_DATE('1999-02-26','YYYY-MM-DD'),6);
INSERT INTO WorksOn(empNo, projNo, dateworked, hoursWorked) VALUES (17,3,TO_DATE('2016-02-02','YYYY-MM-DD'),5);
INSERT INTO WorksOn(empNo, projNo, dateworked, hoursWorked) VALUES (17,11,TO_DATE('2015-01-28','YYYY-MM-DD'),2);
INSERT INTO WorksOn(empNo, projNo, dateworked, hoursWorked) VALUES (18,8,TO_DATE('1992-09-04','YYYY-MM-DD'),8);
INSERT INTO WorksOn(empNo, projNo, dateworked, hoursWorked) VALUES (18,5,TO_DATE('2017-06-19','YYYY-MM-DD'),7);
INSERT INTO WorksOn(empNo, projNo, dateworked, hoursWorked) VALUES (19,11,TO_DATE('2011-10-07','YYYY-MM-DD'),6);
INSERT INTO WorksOn(empNo, projNo, dateworked, hoursWorked) VALUES (19,7,TO_DATE('2018-12-21','YYYY-MM-DD'),3);
INSERT INTO WorksOn(empNo, projNo, dateworked, hoursWorked) VALUES (19,10,TO_DATE('1998-02-19','YYYY-MM-DD'),2);
INSERT INTO WorksOn(empNo, projNo, dateworked, hoursWorked) VALUES (20,1,TO_DATE('2000-10-14','YYYY-MM-DD'),8);
INSERT INTO WorksOn(empNo, projNo, dateworked, hoursWorked) VALUES (20,3,TO_DATE('2010-08-05','YYYY-MM-DD'),3);
INSERT INTO WorksOn(empNo, projNo, dateworked, hoursWorked) VALUES (20,11,TO_DATE('2020-01-05','YYYY-MM-DD'),4);
INSERT INTO WorksOn(empNo, projNo, dateworked, hoursWorked) VALUES (20,4,TO_DATE('1999-07-31','YYYY-MM-DD'),3);
INSERT INTO WorksOn(empNo, projNo, dateworked, hoursWorked) VALUES (21,7,TO_DATE('2009-07-15','YYYY-MM-DD'),6);
INSERT INTO WorksOn(empNo, projNo, dateworked, hoursWorked) VALUES (22,7,TO_DATE('2021-02-06','YYYY-MM-DD'),4);
INSERT INTO WorksOn(empNo, projNo, dateworked, hoursWorked) VALUES (22,1,TO_DATE('2002-10-07','YYYY-MM-DD'),6);


