INSERT INTO Employee (empNo,fName,lName,address,DOB,sex,position,deptNo) VALUES (1,'Joy','Berger','851 Lisa Lights
Snowbury, DE 35652',TO_DATE('1976-10-06', 'YYYY-MM-DD'),'F','1_position',NULL);
INSERT INTO Employee (empNo,fName,lName,address,DOB,sex,position,deptNo) VALUES (2,'Elizabeth','Hernandez','4814 Christine Curve Apt. 800
East Brandonburgh, NH 64732',TO_DATE('1984-10-20', 'YYYY-MM-DD'),'F','2_position',NULL);
INSERT INTO Employee (empNo,fName,lName,address,DOB,sex,position,deptNo) VALUES (3,'Jessica','Henderson','1684 Hughes Trace Apt. 168
South Tiffany, NJ 60895',TO_DATE('1991-10-08', 'YYYY-MM-DD'),'F','3_position',NULL);
INSERT INTO Employee (empNo,fName,lName,address,DOB,sex,position,deptNo) VALUES (4,'Kathy','Hayes','3851 Bridget Ways
Stevenfurt, MA 62327',TO_DATE('2014-05-09', 'YYYY-MM-DD'),'F','4_position',NULL);
INSERT INTO Employee (empNo,fName,lName,address,DOB,sex,position,deptNo) VALUES (5,'Joshua','Ware','03711 Rollins Lake Suite 140
West Paulastad, OR 37011',TO_DATE('1987-12-11', 'YYYY-MM-DD'),'M','5_position',NULL);
INSERT INTO Employee (empNo,fName,lName,address,DOB,sex,position,deptNo) VALUES (6,'Jill','Owens','312 Murphy Loaf
Elizabethport, TN 94423',TO_DATE('2012-02-01', 'YYYY-MM-DD'),'F','6_position',NULL);
INSERT INTO Employee (empNo,fName,lName,address,DOB,sex,position,deptNo) VALUES (7,'Jason','Gutierrez','264 Daniel Highway
Smithfort, NM 29600',TO_DATE('1991-07-29', 'YYYY-MM-DD'),'M','7_position',NULL);
INSERT INTO Employee (empNo,fName,lName,address,DOB,sex,position,deptNo) VALUES (8,'Alfred','Page','40152 Knox Manors Suite 051
West Paula, NJ 88819',TO_DATE('1999-11-22', 'YYYY-MM-DD'),'M','8_position',NULL);
INSERT INTO Employee (empNo,fName,lName,address,DOB,sex,position,deptNo) VALUES (9,'Daniel','Martin','31551 Tyler Lakes Apt. 977
South Rogerfort, NM 21817',TO_DATE('1987-07-02', 'YYYY-MM-DD'),'M','9_position',NULL);
INSERT INTO Employee (empNo,fName,lName,address,DOB,sex,position,deptNo) VALUES (10,'Pamela','Saunders','332 Ariel Shores Apt. 546
Codymouth, LA 20565',TO_DATE('2002-07-21', 'YYYY-MM-DD'),'F','10_position',NULL);
INSERT INTO Employee (empNo,fName,lName,address,DOB,sex,position,deptNo) VALUES (11,'Victoria','Hamilton','8879 Melissa Orchard Apt. 003
Michelehaven, SD 40186',TO_DATE('1994-12-15', 'YYYY-MM-DD'),'F','11_position',NULL);
INSERT INTO Employee (empNo,fName,lName,address,DOB,sex,position,deptNo) VALUES (12,'Michael','Bauer','0965 Reeves Views Apt. 994
South Aaronchester, MN 74317',TO_DATE('2002-07-28', 'YYYY-MM-DD'),'M','12_position',NULL);
INSERT INTO Employee (empNo,fName,lName,address,DOB,sex,position,deptNo) VALUES (13,'Sean','Lambert','65334 Michelle Underpass Apt. 557
Vanessaborough, FL 35434',TO_DATE('1979-08-08', 'YYYY-MM-DD'),'M','13_position',NULL);
INSERT INTO Employee (empNo,fName,lName,address,DOB,sex,position,deptNo) VALUES (14,'Kyle','Woodard','0881 Smith Corners
Lake Georgebury, TN 11923',TO_DATE('1972-09-15', 'YYYY-MM-DD'),'M','14_position',NULL);
INSERT INTO Employee (empNo,fName,lName,address,DOB,sex,position,deptNo) VALUES (15,'Pamela','Newton','80843 Shelby Stream Suite 988
Daughertystad, HI 06896',TO_DATE('2020-11-03', 'YYYY-MM-DD'),'F','15_position',NULL);
INSERT INTO Employee (empNo,fName,lName,address,DOB,sex,position,deptNo) VALUES (16,'John','Freeman','USNV Vincent
FPO AA 50883',TO_DATE('1976-08-29', 'YYYY-MM-DD'),'M','16_position',NULL);
INSERT INTO Employee (empNo,fName,lName,address,DOB,sex,position,deptNo) VALUES (17,'Claudia','Gross','139 Corey Hill Apt. 717
Timothybury, AR 45941',TO_DATE('1995-07-20', 'YYYY-MM-DD'),'F','17_position',NULL);
INSERT INTO Employee (empNo,fName,lName,address,DOB,sex,position,deptNo) VALUES (18,'Willie','Morrison','471 Pearson Terrace
Elizabethton, HI 32311',TO_DATE('2019-08-10', 'YYYY-MM-DD'),'M','18_position',NULL);
INSERT INTO Employee (empNo,fName,lName,address,DOB,sex,position,deptNo) VALUES (19,'Michael','Reynolds','35387 John Throughway
Griffinville, NH 48913',TO_DATE('1985-07-10', 'YYYY-MM-DD'),'M','19_position',NULL);
INSERT INTO Employee (empNo,fName,lName,address,DOB,sex,position,deptNo) VALUES (20,'Amanda','Stark','Unit 9621 Box 9196
DPO AE 19597',TO_DATE('1974-03-09', 'YYYY-MM-DD'),'F','20_position',NULL);
INSERT INTO Employee (empNo,fName,lName,address,DOB,sex,position,deptNo) VALUES (21,'Hayley','Nguyen','2433 Daniel Path Apt. 678
New Christinaport, VA 63059',TO_DATE('1989-06-20', 'YYYY-MM-DD'),'F','21_position',NULL);
INSERT INTO Employee (empNo,fName,lName,address,DOB,sex,position,deptNo) VALUES (22,'Tracey','Moore','PSC 3581, Box 4369
APO AE 24011',TO_DATE('1996-02-28', 'YYYY-MM-DD'),'F','22_position',NULL);
INSERT INTO Employee (empNo,fName,lName,address,DOB,sex,position,deptNo) VALUES (23,'Natasha','Friedman','2478 Steven Drives Apt. 005
West Dawnshire, NH 23449',TO_DATE('1992-01-21', 'YYYY-MM-DD'),'F','23_position',NULL);
INSERT INTO Employee (empNo,fName,lName,address,DOB,sex,position,deptNo) VALUES (24,'Kenneth','Hill','61439 Joel Corners
Davischester, OK 29169',TO_DATE('1975-03-17', 'YYYY-MM-DD'),'M','24_position',NULL);
INSERT INTO Employee (empNo,fName,lName,address,DOB,sex,position,deptNo) VALUES (25,'Melissa','Robles','PSC 6673, Box 5314
APO AA 50446',TO_DATE('1988-07-09', 'YYYY-MM-DD'),'F','25_position',NULL);
INSERT INTO Employee (empNo,fName,lName,address,DOB,sex,position,deptNo) VALUES (26,'Thomas','Wood','8730 Joshua Ville
New Morgan, AZ 31789',TO_DATE('1985-01-07', 'YYYY-MM-DD'),'M','26_position',NULL);
INSERT INTO Employee (empNo,fName,lName,address,DOB,sex,position,deptNo) VALUES (27,'Troy','Martinez','672 Campbell Ford
Franklinmouth, WY 01397',TO_DATE('1970-09-05', 'YYYY-MM-DD'),'M','27_position',NULL);
INSERT INTO Employee (empNo,fName,lName,address,DOB,sex,position,deptNo) VALUES (28,'Andrew','Cline','865 Ana Pine
Josephville, IL 59528',TO_DATE('1987-04-07', 'YYYY-MM-DD'),'M','28_position',NULL);
INSERT INTO Employee (empNo,fName,lName,address,DOB,sex,position,deptNo) VALUES (29,'William','Buck','36593 Tony Ways Suite 575
Garciaview, MO 73460',TO_DATE('1982-10-04', 'YYYY-MM-DD'),'M','29_position',NULL);
INSERT INTO Employee (empNo,fName,lName,address,DOB,sex,position,deptNo) VALUES (30,'Shaun','Gray','PSC 0826, Box 3130
APO AP 31054',TO_DATE('1972-08-08', 'YYYY-MM-DD'),'M','30_position',NULL);
INSERT INTO Employee (empNo,fName,lName,address,DOB,sex,position,deptNo) VALUES (31,'Matthew','Campbell','96166 Chambers Harbor
Davidsonbury, AZ 43508',TO_DATE('2011-08-18', 'YYYY-MM-DD'),'M','31_position',NULL);
INSERT INTO Employee (empNo,fName,lName,address,DOB,sex,position,deptNo) VALUES (32,'Jerry','Andrews','871 Chung Underpass
South Monique, WV 19451',TO_DATE('2018-07-10', 'YYYY-MM-DD'),'M','32_position',NULL);
INSERT INTO Employee (empNo,fName,lName,address,DOB,sex,position,deptNo) VALUES (33,'Aaron','Stewart','19458 Mcdonald Pines
Brianshire, MO 48262',TO_DATE('1983-01-20', 'YYYY-MM-DD'),'M','33_position',NULL);
INSERT INTO Employee (empNo,fName,lName,address,DOB,sex,position,deptNo) VALUES (34,'David','Moody','7505 Chris Lights
Port Mikayla, TX 54056',TO_DATE('1978-05-20', 'YYYY-MM-DD'),'M','34_position',NULL);
INSERT INTO Employee (empNo,fName,lName,address,DOB,sex,position,deptNo) VALUES (35,'Amber','Smith','6405 Davis Estates Suite 181
Lanceshire, CT 01730',TO_DATE('2007-11-29', 'YYYY-MM-DD'),'F','35_position',NULL);
INSERT INTO Employee (empNo,fName,lName,address,DOB,sex,position,deptNo) VALUES (36,'George','Carter','799 Monroe Port Suite 368
North Johnfort, NC 41101',TO_DATE('1983-09-09', 'YYYY-MM-DD'),'M','36_position',NULL);
INSERT INTO Employee (empNo,fName,lName,address,DOB,sex,position,deptNo) VALUES (37,'Toni','Waller','8353 Gregory Unions Apt. 566
New Reginald, OH 88343',TO_DATE('1985-03-17', 'YYYY-MM-DD'),'F','37_position',NULL);
INSERT INTO Employee (empNo,fName,lName,address,DOB,sex,position,deptNo) VALUES (38,'Traci','Porter','2335 Brock Road
West Matthewstad, TX 22691',TO_DATE('1979-10-22', 'YYYY-MM-DD'),'F','38_position',NULL);
INSERT INTO Employee (empNo,fName,lName,address,DOB,sex,position,deptNo) VALUES (39,'Cynthia','Sawyer','208 Dixon Orchard Apt. 314
Ashleymouth, MD 13451',TO_DATE('1977-06-30', 'YYYY-MM-DD'),'F','39_position',NULL);
INSERT INTO Employee (empNo,fName,lName,address,DOB,sex,position,deptNo) VALUES (40,'Cristian','Mccoy','7870 Eric Cliffs Suite 493
East Erika, IN 68145',TO_DATE('2015-12-12', 'YYYY-MM-DD'),'M','40_position',NULL);


INSERT INTO Department (deptNo, deptName, mgrEmpNo) VALUES (1,'department_1',1);
INSERT INTO Department (deptNo, deptName, mgrEmpNo) VALUES (2,'department_2',2);
INSERT INTO Department (deptNo, deptName, mgrEmpNo) VALUES (3,'department_3',3);
INSERT INTO Department (deptNo, deptName, mgrEmpNo) VALUES (4,'department_4',4);
INSERT INTO Department (deptNo, deptName, mgrEmpNo) VALUES (5,'department_5',5);
INSERT INTO Department (deptNo, deptName, mgrEmpNo) VALUES (6,'department_6',6);
INSERT INTO Department (deptNo, deptName, mgrEmpNo) VALUES (7,'department_7',7);
INSERT INTO Department (deptNo, deptName, mgrEmpNo) VALUES (8,'department_8',8);
INSERT INTO Department (deptNo, deptName, mgrEmpNo) VALUES (9,'department_9',9);
INSERT INTO Department (deptNo, deptName, mgrEmpNo) VALUES (10,'department_10',10);
INSERT INTO Department (deptNo, deptName, mgrEmpNo) VALUES (11,'department_11',11);
INSERT INTO Department (deptNo, deptName, mgrEmpNo) VALUES (12,'department_12',12);
INSERT INTO Department (deptNo, deptName, mgrEmpNo) VALUES (13,'department_13',13);
INSERT INTO Department (deptNo, deptName, mgrEmpNo) VALUES (14,'department_14',14);
INSERT INTO Department (deptNo, deptName, mgrEmpNo) VALUES (15,'department_15',15);
INSERT INTO Department (deptNo, deptName, mgrEmpNo) VALUES (16,'department_16',16);
INSERT INTO Department (deptNo, deptName, mgrEmpNo) VALUES (17,'department_17',17);
INSERT INTO Department (deptNo, deptName, mgrEmpNo) VALUES (18,'department_18',18);
INSERT INTO Department (deptNo, deptName, mgrEmpNo) VALUES (19,'department_19',19);
INSERT INTO Department (deptNo, deptName, mgrEmpNo) VALUES (20,'department_20',20);


UPDATE Employee SET deptNo = 34 WHERE empNo = 34;
UPDATE Employee SET deptNo = 4 WHERE empNo = 4;
UPDATE Employee SET deptNo = 1 WHERE empNo = 1;
UPDATE Employee SET deptNo = 10 WHERE empNo = 10;
UPDATE Employee SET deptNo = 5 WHERE empNo = 5;
UPDATE Employee SET deptNo = 2 WHERE empNo = 2;
UPDATE Employee SET deptNo = 11 WHERE empNo = 11;
UPDATE Employee SET deptNo = 22 WHERE empNo = 22;
UPDATE Employee SET deptNo = 20 WHERE empNo = 20;
UPDATE Employee SET deptNo = 7 WHERE empNo = 7;
UPDATE Employee SET deptNo = 12 WHERE empNo = 12;
UPDATE Employee SET deptNo = 15 WHERE empNo = 15;
UPDATE Employee SET deptNo = 37 WHERE empNo = 37;
UPDATE Employee SET deptNo = 19 WHERE empNo = 19;
UPDATE Employee SET deptNo = 30 WHERE empNo = 30;
UPDATE Employee SET deptNo = 16 WHERE empNo = 16;
UPDATE Employee SET deptNo = 36 WHERE empNo = 36;
UPDATE Employee SET deptNo = 21 WHERE empNo = 21;
UPDATE Employee SET deptNo = 6 WHERE empNo = 6;
UPDATE Employee SET deptNo = 35 WHERE empNo = 35;
UPDATE Employee SET deptNo = 25 WHERE empNo = 25;
UPDATE Employee SET deptNo = 39 WHERE empNo = 39;
UPDATE Employee SET deptNo = 32 WHERE empNo = 32;
UPDATE Employee SET deptNo = 13 WHERE empNo = 13;
UPDATE Employee SET deptNo = 40 WHERE empNo = 40;
UPDATE Employee SET deptNo = 9 WHERE empNo = 9;
UPDATE Employee SET deptNo = 18 WHERE empNo = 18;
UPDATE Employee SET deptNo = 26 WHERE empNo = 26;
UPDATE Employee SET deptNo = 14 WHERE empNo = 14;
UPDATE Employee SET deptNo = 23 WHERE empNo = 23;
UPDATE Employee SET deptNo = 27 WHERE empNo = 27;
UPDATE Employee SET deptNo = 8 WHERE empNo = 8;
UPDATE Employee SET deptNo = 31 WHERE empNo = 31;
UPDATE Employee SET deptNo = 17 WHERE empNo = 17;
UPDATE Employee SET deptNo = 33 WHERE empNo = 33;
UPDATE Employee SET deptNo = 24 WHERE empNo = 24;
UPDATE Employee SET deptNo = 38 WHERE empNo = 38;
UPDATE Employee SET deptNo = 28 WHERE empNo = 28;
UPDATE Employee SET deptNo = 3 WHERE empNo = 3;
UPDATE Employee SET deptNo = 29 WHERE empNo = 29;


INSERT INTO WorksOn(empNo, projNo, dateworked, hoursWorked) VALUES (1,1,TO_DATE('2019-07-12','YYYY-MM-DD'),10);
INSERT INTO WorksOn(empNo, projNo, dateworked, hoursWorked) VALUES (2,2,TO_DATE('2020-12-15','YYYY-MM-DD'),10);
INSERT INTO WorksOn(empNo, projNo, dateworked, hoursWorked) VALUES (3,3,TO_DATE('2020-08-03','YYYY-MM-DD'),5);
INSERT INTO WorksOn(empNo, projNo, dateworked, hoursWorked) VALUES (4,4,TO_DATE('2012-05-11','YYYY-MM-DD'),8);
INSERT INTO WorksOn(empNo, projNo, dateworked, hoursWorked) VALUES (5,5,TO_DATE('2012-04-16','YYYY-MM-DD'),5);
INSERT INTO WorksOn(empNo, projNo, dateworked, hoursWorked) VALUES (6,6,TO_DATE('2019-04-01','YYYY-MM-DD'),7);
INSERT INTO WorksOn(empNo, projNo, dateworked, hoursWorked) VALUES (7,7,TO_DATE('2012-02-08','YYYY-MM-DD'),4);
INSERT INTO WorksOn(empNo, projNo, dateworked, hoursWorked) VALUES (8,8,TO_DATE('2017-10-07','YYYY-MM-DD'),6);
INSERT INTO WorksOn(empNo, projNo, dateworked, hoursWorked) VALUES (9,9,TO_DATE('2010-03-25','YYYY-MM-DD'),8);
INSERT INTO WorksOn(empNo, projNo, dateworked, hoursWorked) VALUES (10,10,TO_DATE('2006-10-25','YYYY-MM-DD'),9);
INSERT INTO WorksOn(empNo, projNo, dateworked, hoursWorked) VALUES (11,11,TO_DATE('2007-05-19','YYYY-MM-DD'),4);
INSERT INTO WorksOn(empNo, projNo, dateworked, hoursWorked) VALUES (12,12,TO_DATE('2004-11-30','YYYY-MM-DD'),10);
INSERT INTO WorksOn(empNo, projNo, dateworked, hoursWorked) VALUES (13,13,TO_DATE('1998-12-14','YYYY-MM-DD'),9);
INSERT INTO WorksOn(empNo, projNo, dateworked, hoursWorked) VALUES (14,14,TO_DATE('2019-10-13','YYYY-MM-DD'),10);
INSERT INTO WorksOn(empNo, projNo, dateworked, hoursWorked) VALUES (15,15,TO_DATE('2019-09-23','YYYY-MM-DD'),5);
INSERT INTO WorksOn(empNo, projNo, dateworked, hoursWorked) VALUES (16,16,TO_DATE('2009-06-01','YYYY-MM-DD'),4);
INSERT INTO WorksOn(empNo, projNo, dateworked, hoursWorked) VALUES (17,17,TO_DATE('2018-01-07','YYYY-MM-DD'),1);
INSERT INTO WorksOn(empNo, projNo, dateworked, hoursWorked) VALUES (18,18,TO_DATE('2017-11-27','YYYY-MM-DD'),4);
INSERT INTO WorksOn(empNo, projNo, dateworked, hoursWorked) VALUES (19,19,TO_DATE('2008-09-17','YYYY-MM-DD'),8);
INSERT INTO WorksOn(empNo, projNo, dateworked, hoursWorked) VALUES (20,20,TO_DATE('2016-08-10','YYYY-MM-DD'),2);
INSERT INTO WorksOn(empNo, projNo, dateworked, hoursWorked) VALUES (21,21,TO_DATE('2002-07-10','YYYY-MM-DD'),2);
INSERT INTO WorksOn(empNo, projNo, dateworked, hoursWorked) VALUES (22,22,TO_DATE('1996-07-01','YYYY-MM-DD'),7);
INSERT INTO WorksOn(empNo, projNo, dateworked, hoursWorked) VALUES (23,23,TO_DATE('2001-10-20','YYYY-MM-DD'),7);
INSERT INTO WorksOn(empNo, projNo, dateworked, hoursWorked) VALUES (24,24,TO_DATE('2005-04-11','YYYY-MM-DD'),6);
INSERT INTO WorksOn(empNo, projNo, dateworked, hoursWorked) VALUES (25,25,TO_DATE('2016-04-08','YYYY-MM-DD'),5);
INSERT INTO WorksOn(empNo, projNo, dateworked, hoursWorked) VALUES (26,26,TO_DATE('2018-07-19','YYYY-MM-DD'),2);
INSERT INTO WorksOn(empNo, projNo, dateworked, hoursWorked) VALUES (27,27,TO_DATE('2011-10-20','YYYY-MM-DD'),5);
INSERT INTO WorksOn(empNo, projNo, dateworked, hoursWorked) VALUES (28,28,TO_DATE('2008-11-28','YYYY-MM-DD'),1);
INSERT INTO WorksOn(empNo, projNo, dateworked, hoursWorked) VALUES (29,29,TO_DATE('2003-05-17','YYYY-MM-DD'),1);
INSERT INTO WorksOn(empNo, projNo, dateworked, hoursWorked) VALUES (30,30,TO_DATE('2005-09-05','YYYY-MM-DD'),5);
INSERT INTO WorksOn(empNo, projNo, dateworked, hoursWorked) VALUES (31,31,TO_DATE('2002-03-01','YYYY-MM-DD'),5);
INSERT INTO WorksOn(empNo, projNo, dateworked, hoursWorked) VALUES (32,32,TO_DATE('1993-12-20','YYYY-MM-DD'),6);
INSERT INTO WorksOn(empNo, projNo, dateworked, hoursWorked) VALUES (33,33,TO_DATE('2016-07-22','YYYY-MM-DD'),7);
INSERT INTO WorksOn(empNo, projNo, dateworked, hoursWorked) VALUES (34,34,TO_DATE('1992-04-29','YYYY-MM-DD'),10);
INSERT INTO WorksOn(empNo, projNo, dateworked, hoursWorked) VALUES (35,35,TO_DATE('2001-08-06','YYYY-MM-DD'),5);
INSERT INTO WorksOn(empNo, projNo, dateworked, hoursWorked) VALUES (36,36,TO_DATE('1998-07-06','YYYY-MM-DD'),5);
INSERT INTO WorksOn(empNo, projNo, dateworked, hoursWorked) VALUES (37,37,TO_DATE('2003-10-04','YYYY-MM-DD'),8);
INSERT INTO WorksOn(empNo, projNo, dateworked, hoursWorked) VALUES (38,38,TO_DATE('2000-04-17','YYYY-MM-DD'),8);
INSERT INTO WorksOn(empNo, projNo, dateworked, hoursWorked) VALUES (39,39,TO_DATE('2002-01-28','YYYY-MM-DD'),10);
INSERT INTO WorksOn(empNo, projNo, dateworked, hoursWorked) VALUES (40,40,TO_DATE('2011-12-02','YYYY-MM-DD'),1);


